--
-- PostgreSQL database dump
--

-- Dumped from database version 17.4 (Debian 17.4-1.pgdg120+2)
-- Dumped by pg_dump version 17.4 (Debian 17.4-1.pgdg120+2)

SET statement_timeout = 0;
SET lock_timeout = 0;
SET idle_in_transaction_session_timeout = 0;
SET transaction_timeout = 0;
SET client_encoding = 'UTF8';
SET standard_conforming_strings = on;
SELECT pg_catalog.set_config('search_path', '', false);
SET check_function_bodies = false;
SET xmloption = content;
SET client_min_messages = warning;
SET row_security = off;

SET default_tablespace = '';

SET default_table_access_method = heap;

--
-- Name: Categories; Type: TABLE; Schema: public; Owner: stockflowuser
--

CREATE TABLE public."Categories" (
    "CategoryId" integer NOT NULL,
    "CategoryName" character varying(50) NOT NULL
);


ALTER TABLE public."Categories" OWNER TO stockflowuser;

--
-- Name: Categories_CategoryId_seq; Type: SEQUENCE; Schema: public; Owner: stockflowuser
--

ALTER TABLE public."Categories" ALTER COLUMN "CategoryId" ADD GENERATED BY DEFAULT AS IDENTITY (
    SEQUENCE NAME public."Categories_CategoryId_seq"
    START WITH 1
    INCREMENT BY 1
    NO MINVALUE
    NO MAXVALUE
    CACHE 1
);


--
-- Name: Customers; Type: TABLE; Schema: public; Owner: stockflowuser
--

CREATE TABLE public."Customers" (
    "CustomerId" integer NOT NULL,
    "City" character varying(100) NOT NULL
);


ALTER TABLE public."Customers" OWNER TO stockflowuser;

--
-- Name: Customers_CustomerId_seq; Type: SEQUENCE; Schema: public; Owner: stockflowuser
--

ALTER TABLE public."Customers" ALTER COLUMN "CustomerId" ADD GENERATED BY DEFAULT AS IDENTITY (
    SEQUENCE NAME public."Customers_CustomerId_seq"
    START WITH 1
    INCREMENT BY 1
    NO MINVALUE
    NO MAXVALUE
    CACHE 1
);


--
-- Name: OrderItems; Type: TABLE; Schema: public; Owner: stockflowuser
--

CREATE TABLE public."OrderItems" (
    "OrderItemId" integer NOT NULL,
    "OrderId" integer NOT NULL,
    "ProductId" integer NOT NULL,
    "Quantity" integer NOT NULL
);


ALTER TABLE public."OrderItems" OWNER TO stockflowuser;

--
-- Name: OrderItems_OrderItemId_seq; Type: SEQUENCE; Schema: public; Owner: stockflowuser
--

ALTER TABLE public."OrderItems" ALTER COLUMN "OrderItemId" ADD GENERATED BY DEFAULT AS IDENTITY (
    SEQUENCE NAME public."OrderItems_OrderItemId_seq"
    START WITH 1
    INCREMENT BY 1
    NO MINVALUE
    NO MAXVALUE
    CACHE 1
);


--
-- Name: Orders; Type: TABLE; Schema: public; Owner: stockflowuser
--

CREATE TABLE public."Orders" (
    "OrderId" integer NOT NULL,
    "CustomerId" integer NOT NULL,
    "OrderDate" date NOT NULL,
    "PaymentMethod" character varying(50) NOT NULL
);


ALTER TABLE public."Orders" OWNER TO stockflowuser;

--
-- Name: Orders_OrderId_seq; Type: SEQUENCE; Schema: public; Owner: stockflowuser
--

ALTER TABLE public."Orders" ALTER COLUMN "OrderId" ADD GENERATED BY DEFAULT AS IDENTITY (
    SEQUENCE NAME public."Orders_OrderId_seq"
    START WITH 1
    INCREMENT BY 1
    NO MINVALUE
    NO MAXVALUE
    CACHE 1
);


--
-- Name: Products; Type: TABLE; Schema: public; Owner: stockflowuser
--

CREATE TABLE public."Products" (
    "ProductId" integer NOT NULL,
    "ProductName" character varying(100) NOT NULL,
    "Price" numeric(10,2) NOT NULL,
    "CategoryId" integer NOT NULL
);


ALTER TABLE public."Products" OWNER TO stockflowuser;

--
-- Name: Products_ProductId_seq; Type: SEQUENCE; Schema: public; Owner: stockflowuser
--

ALTER TABLE public."Products" ALTER COLUMN "ProductId" ADD GENERATED BY DEFAULT AS IDENTITY (
    SEQUENCE NAME public."Products_ProductId_seq"
    START WITH 1
    INCREMENT BY 1
    NO MINVALUE
    NO MAXVALUE
    CACHE 1
);


--
-- Data for Name: Categories; Type: TABLE DATA; Schema: public; Owner: stockflowuser
--

COPY public."Categories" ("CategoryId", "CategoryName") FROM stdin;
10	Electronics
20	Fashion
30	Home & Living
40	Books & Stationery
50	Sports & Outdoors
\.


--
-- Data for Name: Customers; Type: TABLE DATA; Schema: public; Owner: stockflowuser
--

COPY public."Customers" ("CustomerId", "City") FROM stdin;
10201	Leeborough
10211	Lake Michael
10254	Port Christine
10299	Teresaville
10403	Lake Kimberlyburgh
10486	Port Allisonfort
10539	Anthonyport
10679	Douglashaven
10792	East Lisaview
10825	Port Marcusmouth
10848	Vickimouth
11008	Lake Emilymouth
11021	North James
11101	South Katiefurt
11108	South Jeffrey
11145	Douglasport
11164	Yatesstad
11363	Pattersonfort
11455	Wrightfort
11479	Jamesview
11578	Brayfurt
11645	Kelseyton
11655	Navarrostad
11829	Brendaton
11849	South Scott
11871	East Kevinchester
11911	Lake Tiffanyfurt
12167	West Jeffreyview
12469	Riveraview
12544	Webermouth
12572	North Zacharytown
12817	North Angela
12858	Port Briana
12945	Lake Vincentview
13011	Lunafort
13042	Martinside
13112	South Katherineside
13120	New David
13356	East Joseph
13425	Port Luke
13431	Port Jason
13542	New Oliviaberg
13591	Cameronside
13595	East Andrew
13725	Hughesmouth
13992	Karenside
14029	Lake Hayley
14046	North Amandaland
14108	Markborough
14109	Romerostad
14276	East Stevenmouth
14284	North Bradleymouth
14303	Bakerburgh
14361	Robertbury
14376	Ericside
14447	Peterston
14487	South Melinda
14520	Brookshaven
14872	Cynthiaport
14911	New Madeline
15505	Jamiefort
15545	Johnsonborough
15625	Williamsfort
15676	Rachelland
15824	Vincenttown
15858	Jacobville
15872	Reidchester
16119	Williamsside
16285	Savannahmouth
16430	Rodriguezport
16539	Kathleenton
16669	Nancytown
16797	North Nancyville
16821	Port Jeremyfurt
16865	Port Stephanie
17044	New Mindymouth
17074	Benjaminburgh
17263	West Charlestown
17277	Lake Michaelhaven
17305	Cabrerashire
17341	Port Timothyshire
17439	Marieborough
17483	Lisafurt
17937	Joetown
18191	Port Jasmine
18511	West Alicia
18555	Gutierreztown
18651	Roychester
18819	Wesleyborough
18860	West Austin
19180	New Lauramouth
19238	Donaldside
19284	Phillipsport
19293	Clayfort
19327	Henryborough
19405	Curtisshire
19510	Jaychester
19845	New Michaeltown
19863	South Thomasmouth
19925	North Danielmouth
20004	Justinport
20019	Jeremyview
20025	North Debraland
20351	North Dana
20393	South Elizabethport
20485	Gregoryview
20522	Toddmouth
20636	Parkerfurt
20658	North Kelsey
20770	Moranland
20814	South Melodystad
20853	West Alexfort
20938	Jordanmouth
21004	Lake Catherine
21063	Dorseymouth
21109	Sellersland
21298	Wayneside
21391	Port Dana
21473	Aprilton
21565	Martinezview
21588	South Veronica
21664	Simpsonshire
21731	Lake Annburgh
21745	Schultzborough
21838	Popeport
22228	Barryton
22264	Danielton
22360	Port Maxwell
22599	Port Sarahfort
22604	East Russellville
22729	West Reginaldbury
22739	South Matthewburgh
23008	Richardshire
23094	Kristenland
23188	Port Matthew
23300	East Mariebury
23420	Port Adrianhaven
23570	Calebmouth
23601	East William
23672	Aprilshire
23687	New Peterport
23743	Fishertown
23747	Tammymouth
23807	Jackshire
24024	Shanetown
24025	Brooksmouth
24054	Lake Michaelfort
24078	West Jesusville
24147	Davistown
24175	Frazierbury
24196	Timothyland
24426	South Tonya
24487	Brooksfort
24639	Garzaport
24734	Monicaland
24744	South Kristi
25091	Port Laurenfort
25229	Anthonybury
25309	East Anthony
25370	Port Markport
25536	Lake John
25561	Port Samanthafort
25702	New Brian
25747	Amandaborough
25761	Port Andre
25852	Jamesside
25889	West Kristinehaven
25897	Randallburgh
25952	Amandafort
25974	East Marymouth
25985	Port Debbieborough
26160	North Terrancehaven
26186	Rebeccaborough
26392	Port Wandashire
26457	Hawkinschester
26545	Millerhaven
26583	Lake Nicholas
26652	Danielstad
26742	Toddton
26759	East Loretta
26849	Gardnerberg
27117	West Jonathanmouth
27123	Saunderston
27140	New Seth
27148	Kurtfurt
27282	Aliciaberg
27303	Mccallhaven
27389	Elizabethmouth
27462	Johnfort
27584	Port Diana
27730	Tiffanystad
27736	South Jonathan
27766	Lake Troyshire
27836	Brownshire
28063	Robertsbury
28186	Port Christopherbury
28298	Port Denisemouth
28381	Loribury
28608	Annaborough
28742	Christinaview
28844	Jasonfort
29007	Morrisburgh
29111	Brownmouth
29123	East Daleton
29197	Lake Anne
29275	Port Tracystad
29305	Port Taraburgh
29306	Williamsburgh
29312	South Antonioton
29786	South Brianstad
29895	Ramirezmouth
29989	East Tonyaberg
30037	Lake Sarah
30090	Joshuamouth
30197	Port George
30282	Webbton
30321	Alvaradoview
30444	Alexanderborough
30464	Derekside
31245	New Raymond
31253	New Coleside
31412	Nguyenfort
31593	Washingtonmouth
31600	Lake Maryborough
31977	North Marissa
32037	South Holly
32058	East Christopherfurt
32080	Garrisonberg
32168	Lesliemouth
32206	North Juliaborough
32232	Mcdonaldmouth
32285	West Danielborough
32331	Mitchellhaven
32363	Greenborough
32522	Michaelchester
32569	Port Catherine
32637	West Richard
32747	Port Kimberlymouth
32787	Lindsaybury
32947	Morrisonmouth
32978	South Elizabeth
33094	Lake Loristad
33156	New Danielberg
33203	Pettymouth
33496	Port Ginaside
33678	Port Kenneth
33743	New Jonathan
33753	Lake Bethmouth
33770	East Frankhaven
33851	Mcdanielchester
33859	Laurietown
33897	Port Joseph
34224	Lynnland
34358	Gonzalezshire
34368	Kurtmouth
34709	West Nicholas
34740	Port Jackview
35007	Lake Rhondatown
35014	Jamesland
35088	Port Michelle
35117	Davidbury
35152	Christopherville
35155	Blackchester
35219	East Lucas
35246	West Lisa
35514	Port Matthewfort
35603	Lake Brent
35625	Lake Johnland
35717	Danielmouth
35793	South Sharonburgh
35822	Lake Jason
36125	Rossview
36231	Port Richardfurt
36278	Reginachester
36373	Port Lindaton
36683	Ellisland
36732	North Carrie
36759	Michaelfurt
36855	Port Jo
36922	Lake Brittanyberg
36926	Simonfort
36989	Andersonfort
37040	Matthewmouth
37265	Colemanmouth
37275	East Robert
37330	West Molly
37401	Lake Jeffrey
37422	Maddenview
37431	Lake Linda
37624	Dennisburgh
37729	East Erikton
37762	New Steven
37787	West Mariaton
37813	Phillipsborough
37821	Port Robertchester
37972	Colemouth
38096	Georgeville
38114	South Brianna
38245	Franklinmouth
38512	Huntershire
38523	Rodgersfurt
38547	West Courtneychester
38565	Nicoletown
38645	Raymondchester
38806	Lake Brentfurt
38807	Curryhaven
38808	South Coltonport
39027	Russellton
39126	Port Alexanderton
39236	Osborneland
39267	North Danielburgh
39305	Cindyberg
39329	Jessicastad
39413	Wesleytown
39427	Connerstad
39659	New Kurtmouth
39825	New Isaacmouth
39828	Markchester
39858	West Jimmystad
39860	Port Josephview
39945	North Christinaview
40110	North Johnny
40188	Gilmoreberg
40338	South Matthew
40540	North Jimmyborough
40849	North Julie
41014	West Deanna
41063	South Jerry
41135	Lake Emily
41166	North Matthew
41333	Reidville
41394	West Larrymouth
41492	Kathrynton
41567	New Jenniferberg
41613	Port Melissaborough
41736	North Anthony
42068	Rosebury
42097	West Daniel
42115	North Johnland
42128	North Rebeccashire
42185	Lake Spencer
42238	Lake Sara
42739	Jenniferville
42780	Port Craigfort
42912	Joshuaborough
42991	Stevensfurt
43023	Lake Michaelport
43043	East Justintown
43115	New Joshua
43139	Veronicaland
43226	North David
43279	Anthonyville
43591	Frankbury
43869	Traciburgh
43949	Graystad
43995	South Donna
44020	New Michaeltown
44035	Cassandraville
44293	West Sandrachester
44470	Lake Triciaburgh
44592	Laurenmouth
44704	Mccannfurt
44793	West Michellemouth
44902	West Reginald
44994	Lake April
45059	Lake Lorichester
45081	East Charles
45232	New Kyle
45241	Port Stacey
45242	Port Melissaborough
45270	Raytown
45307	West Anne
45326	Lake Joanna
45435	Port Hectorbury
45453	West Michaelton
45508	Tonyamouth
45637	East Whitney
45679	Gutierrezville
45699	Lake Victoriafort
45719	Townsendville
45831	Sanchezside
46001	Hayesshire
46034	Ronaldborough
46059	Lake Tracy
46239	Landryburgh
46244	Lake Ellen
46326	Andersonchester
46587	South Jimmyland
46781	New Jose
46834	Charlesview
46965	West Bradleymouth
46992	East Corytown
47189	New Amy
47212	Port Jordan
47231	Port Elizabeth
47335	East David
47342	Port Tammyberg
47349	Hernandezfort
47453	Alvaradoborough
47485	Tatemouth
47548	West Jacob
47566	South John
47601	South Ashleyshire
47637	West Mary
47725	Bradleyview
47814	East Johnton
47962	Bryceland
47971	East Dawn
48216	Mendozatown
48362	Guzmanside
48366	Moraleshaven
48519	Lewisburgh
48551	Deborahview
48604	Port Sandra
48665	South Huntermouth
48690	West Geraldhaven
48695	Lake Ian
48725	West Amanda
48803	New Kristen
48813	West James
48855	Watkinsburgh
48878	Kellymouth
48904	Raymondland
49017	Shawnburgh
49232	Joshuaton
49262	South Luishaven
49331	Allisonland
49509	Phelpsstad
49580	Watsonchester
49651	West Elizabethbury
49701	Lake Jasmineport
49765	Jensenstad
49769	Garciafurt
49782	Lake Brianbury
49861	Brianburgh
49956	Audreystad
49993	Scottville
50139	Port Vincenttown
50142	Port Kellyport
50145	Paulton
50200	Lake Jason
50437	Port Jasmin
50447	Kathyton
50538	North Ryanfort
50575	Lake Sharonmouth
50771	Garciaville
50813	East Hannah
50842	South Stephenport
50848	Michaelside
50937	Stevensonside
50980	New Donnatown
51031	Lake Nancy
51106	New Carol
51171	South Tonya
51301	Henrystad
51391	Port Derek
51408	Kiddmouth
51458	Mcintyreburgh
51679	Williamsfort
51714	Karenstad
51729	Port Darrylstad
51963	Lake Rachaelside
51971	Port Johnport
52052	North Benjaminton
52134	West Rogerberg
52189	Lake Michael
52213	Lake Joseph
52278	East Sarah
52324	New Patriciaville
52435	West Kendrafort
52566	West Jessica
52647	Port Timothy
52736	West Jerome
52751	Coreyfort
52835	North Davidchester
52849	Katherineview
53004	New Brittanytown
53070	Jefferyshire
53191	Jenniferberg
53269	New Amyfurt
53270	South Jessica
53474	Johnburgh
53575	Brownbury
53649	Rebeccahaven
53652	Johnmouth
53754	East Ericview
53811	Port Cristianfort
53843	New Kimberly
53860	West Thomas
53928	Butlerton
53977	South Taylorchester
53993	Whiteborough
54306	Jacobfort
54318	East Blakeborough
54371	East Jamesborough
54453	West Samuelhaven
54459	Michellebury
54476	Tiffanyshire
54503	Walkerland
54614	Stephanieshire
54625	West Tyler
54627	Taraborough
54630	Port Steve
54645	Scottmouth
54710	Huntberg
54869	Martinburgh
54901	Stacieberg
54917	Christopherburgh
55003	Englishmouth
55098	West Sarah
55131	South Douglasland
55134	Marthabury
55184	Port Edward
55304	North Janet
55371	South Anthonyfurt
55421	New Shawn
55426	East Josestad
55438	Port Jenniferchester
55539	Jasonbury
55540	Villanuevaburgh
55698	Lake Cynthiastad
55865	New Felicia
55905	Port Darren
55931	East Nicole
55956	Smithville
56073	Lake Jennifer
56081	Kennethton
56269	Leachstad
56431	Andreatown
56464	Jonathanport
56589	Priceburgh
56705	Michellefort
56744	Lake Lindafort
56829	West Justinburgh
56948	Port Christopher
56955	Whitakerview
57116	Catherinestad
57134	Barronborough
57158	Woodshaven
57240	Jennachester
57366	West Joshuahaven
57419	Alvaradobury
57449	Luketon
57457	South Shanehaven
57585	Lauraburgh
57960	Connerburgh
58032	Lake Sethfurt
58103	Nicholasfurt
58130	Lake Mallory
58283	Colemanchester
58295	Penningtonberg
58363	New Louis
58368	Amandamouth
58481	Taylorland
58706	Lake Cody
58789	Lauraberg
58848	North Jennifer
58911	Ashleyfort
59266	North Michaelborough
59338	Josephton
59486	Brownbury
59603	New Melissa
59644	Cynthiaburgh
59875	Sherylfort
59944	Lake Charlestown
60024	Port Suzannebury
60036	South Julieborough
60063	Jacobsside
60144	Marshallside
60294	Thomastown
60295	Joshuabury
60664	East William
60712	Georgestad
60796	Joshuastad
60807	East Andrea
60808	Crawfordport
61065	West Rebekahland
61272	North Kathryn
61294	Port Jameston
61329	Ashleychester
61332	Paulberg
61358	Port Paul
61360	Myershaven
61427	New Sean
61595	West Masonton
61642	Fryeberg
61650	Bradleyville
61717	East Alyssa
61930	Maxwellhaven
61935	Johnnyton
62030	West Patriciachester
62120	East Bryanport
62183	Jasontown
62189	Smithfort
62323	New Terrancetown
62444	South Carriefurt
62506	Port Kellyview
62597	Ramosport
62697	Murrayville
62699	Michaelchester
62764	Paulabury
62821	Larsonburgh
62824	Port Jo
62833	East Matthew
62981	Wrightport
63014	East David
63024	Kimberlymouth
63051	South Wesley
63100	South Lisaland
63278	Lake Matthew
63313	Jeffreyview
63665	Stephenmouth
63722	East Carlos
63842	Nguyenmouth
63872	Jenkinshaven
63876	Nicolebury
63919	Jeffreyville
64016	Rodgershaven
64326	Rachelburgh
64425	New Ronniebury
64496	Bradleyview
64578	Lake Kristy
64649	Alexanderberg
64684	New Brooke
64799	East Christopher
65011	East Christopher
65102	Port Ryanville
65208	Hernandezburgh
65235	Joshuafort
65284	Smithstad
65398	East Codyport
65546	Davidton
65571	Michaelside
65579	Cervantesland
65624	West Krista
65789	Pughton
65819	East Michaelborough
66073	Andersonview
66122	Ryanberg
66492	Port Thomas
66566	Michaelstad
66682	Cartermouth
66782	Hardingfort
66861	Reynoldsborough
66977	Henryborough
67215	Codyburgh
67232	Meyerchester
67405	Morrisport
67596	Melanieton
67667	Ericville
67837	West Amyhaven
67967	Hodgemouth
68218	Markton
68220	Jacobburgh
68238	New Brandon
68416	New Jeremy
68604	North Donna
68792	Kevinville
68850	North Elizabethbury
68904	Chenmouth
69068	West Tamiville
69112	North Heatherborough
69170	Port Patriciashire
69327	Port Joseton
69355	South Susanstad
69487	Port Michaelville
69632	Port James
69719	North Whitneytown
69817	West Jennifer
69895	South Carolynchester
69990	Ericfurt
70242	Garciamouth
70317	Elliottfort
70446	Amyhaven
70476	West Amandamouth
71005	Grahamhaven
71237	Brentbury
71248	North Mary
71289	East Kylie
71490	Robertton
71609	South Kristenbury
71646	Hernandezmouth
71713	Floydchester
71870	West Justin
72072	East Annettemouth
72081	Trevinoland
72159	Snyderborough
72236	Lake Jessefort
72238	Kevinland
72286	Robinhaven
72324	Crosbyfort
72471	Mayland
72701	Webbfort
72727	Brownland
73009	Jacobfurt
73069	Valerieview
73165	Mariaborough
73269	Conniebury
73282	Lake Alexandriachester
73293	Port Thomaston
73481	Bateshaven
73507	Beckerview
73536	Port Ashleyview
73858	South Robert
73957	Shawmouth
74049	West Jonathon
74067	Melanieberg
74178	Jonathanstad
74218	New Natalie
74233	New Miranda
74278	Harrytown
74288	Lake Williamfort
74490	Jamesmouth
74956	Kristenberg
75246	North Jessica
75278	Javierview
75314	Shawnview
75395	Jesseburgh
75434	Craigmouth
75453	Spencerside
75474	Levyport
75854	Timothychester
75860	Patriciaberg
76010	Stevenfurt
76057	New Rhondaborough
76076	Suttonfort
76140	New Terri
76203	Port Jeffrey
76411	Port Tony
76490	Roymouth
76505	Armstrongberg
76563	Moniquemouth
76569	New Christopherside
76603	Lake Toddside
76799	Freemanport
76854	Andrewmouth
77076	Adamsbury
77096	Millerborough
77150	Anthonyside
77157	Port Pamelatown
77178	Lake Ryanland
77187	South Edgartown
77318	Brownchester
77451	Andersonside
77455	Joshuamouth
77523	Danielfurt
77706	Edwardstad
77729	Julieborough
77823	South Roger
77848	Simmonsview
77850	Lake Sharonstad
77884	Shortmouth
77934	Holmesland
78056	South Mark
78206	North Jacob
78277	Keithland
78620	Tiffanyport
78752	Lake Tinahaven
78768	Cantumouth
78972	Robinsonstad
79004	Sarahtown
79018	Port Samantha
79047	Rhodesfurt
79189	Davidton
79379	East William
79470	Paulborough
79476	North Cristianview
79537	Anthonyborough
79582	Hughesfort
79715	West Crystal
79723	Popeview
79809	North Jessicabury
79864	Jennifermouth
79880	Scottburgh
79898	Fullerland
79928	East Chris
79948	South Caroline
79954	West Carlosberg
80018	Susanchester
80222	Schroederland
80435	Kennethfort
80441	Port Danielleview
80473	Lake Brittanyburgh
80803	South William
80835	Lake Carla
80882	Mitchellfort
81133	East Kristin
81289	North Jamesside
81394	Cameronstad
81400	South Elizabeth
81439	Woodsport
81507	New Josephland
81512	East Joshua
81790	North Jonathanborough
81896	New Matthew
81927	Dukeborough
81959	Martinbury
82077	Brandyborough
82168	West Matthewton
82649	Smithmouth
82689	South Christine
82700	New Carolfort
82746	Brandonbury
82756	Ricemouth
82764	Lake Scottfurt
82793	Ravenland
82817	South Michael
82894	Johnstad
82916	New Alicia
82945	Francofort
82989	Port Marvinmouth
83207	New Edwardville
83687	Melanieborough
83914	Holtbury
83983	Blakeshire
84001	East Robynmouth
84063	Scottfort
84308	Lewisfort
84328	Lake Kelly
84575	Perezmouth
84629	Fritzchester
84661	Martineztown
84736	Denisefurt
84845	Mejiahaven
84937	Montgomeryberg
84978	Payneside
84991	East Anthonymouth
85009	Janetfort
85139	Jackmouth
85352	East Ana
85365	Andersonshire
85518	East Martin
85558	South Lauramouth
85614	Harrisberg
85771	Brownport
85934	Edwardview
85940	East Kimberlyshire
86056	Devonmouth
86183	Port Victoriashire
86435	Christopherport
86646	New Kelly
86727	Patriciafort
86737	Port Matthew
86746	Mendezburgh
87052	Webbburgh
87140	New Joshua
87200	Jefferyborough
87219	Sanchezborough
87467	Judithbury
87478	Williamton
87513	Taylorview
87653	Johnland
87690	East Kristen
87787	East Daniel
88015	Kathleenview
88142	Carlville
88218	Martinezshire
88309	Robertmouth
88321	West Jerry
88424	West Timothy
88797	Robertmouth
88802	Sandrafurt
88885	Port Emily
88937	East Veronicaville
88975	New Norma
89064	Lake Teresafurt
89076	Wendychester
89104	Christophertown
89114	New Dylan
89312	Veronicaburgh
89576	Lake Jeanneview
89618	New Michealtown
89639	Pierceport
89715	South Lauren
89789	Huffmanshire
89875	East Jennifershire
89883	East Justin
89887	West Stevenburgh
90154	New Amy
90219	West April
90319	South Jacquelineside
90329	East Amandaside
90540	Port Dawn
90560	Lake Gabriella
90910	Johnnystad
90933	North Erikbury
90952	Rachelborough
91017	Millermouth
91161	Port Christopher
91430	Tinaport
91463	Johnsonborough
91509	Robertfort
91742	Brandichester
91781	North Thomas
91867	North Stevenshire
91976	Fernandezside
91997	South Wanda
92087	South Michael
92232	Adamsfort
92246	Lewisburgh
92276	West Jesus
92290	New Amberville
92393	South Christineberg
92429	Jonesville
92507	Bridgetchester
92572	East David
92632	North Jason
92654	Wendyborough
92859	Patriciaville
92929	Rogersfurt
92942	Ashleyside
92950	Austinbury
93036	Smithburgh
93038	North Michelletown
93130	Eddiefurt
93277	Lake Jillton
93329	Johnhaven
93539	Gregoryville
93547	South Christopherburgh
93644	West Denisemouth
93663	Gonzalesside
93806	Donaldhaven
93989	Williamston
93992	West Cynthiaton
94070	West Tyler
94108	Bowmanmouth
94141	North Jeannemouth
94304	Lewisfort
94316	Garzachester
94503	East Moniquefort
94532	Port Lisa
94597	Griffintown
94700	Hobbston
94899	East Maryland
94912	East Robert
95274	Cassandramouth
95322	Marcusville
95344	Wrightmouth
95354	Shawberg
95641	Kruegerton
95795	South Omarport
95874	East Christopherborough
95940	Coxfurt
95980	Haileyville
96041	Kirbyport
96065	Hickmanside
96162	South Jeffreystad
96190	Patriciaville
96195	Port Matthew
96221	East Tanyafurt
96418	New David
96551	Elliottmouth
96568	Port Melissa
96674	Reedside
96700	South Anthony
96862	Barberside
96947	Jonesport
97102	Port Justinbury
97111	East Brittany
97274	East Donna
97281	Ramirezton
97308	New Melissa
97350	West Kathleen
97353	North Jacobland
97390	Davidborough
97433	North Lisafort
97829	Lake Alison
97874	Lake Matthew
98074	East Jason
98151	West Robertmouth
98156	Vasquezmouth
98186	Lake Brianbury
98227	North Stevenborough
98322	North Alexis
98363	Hallbury
98418	East Hannahhaven
98627	Taylorport
98713	Catherinebury
98794	East Alexandriashire
98997	Port Joseph
99015	Lake Paulastad
99026	West Antonio
99042	Jamesfort
99133	Brianfort
99182	Garciahaven
99233	West Teresa
99243	North Diane
99259	Johntown
99265	Garyville
99272	South Becky
99315	Michelleview
99414	Jaclynview
99423	Adrianmouth
99624	West Louis
99677	Kennethstad
99828	Douglastown
99850	Bakerside
99887	North Wendyberg
99909	Sheltonmouth
99923	Port Thomasstad
\.


--
-- Data for Name: OrderItems; Type: TABLE DATA; Schema: public; Owner: stockflowuser
--

COPY public."OrderItems" ("OrderItemId", "OrderId", "ProductId", "Quantity") FROM stdin;
1	1	1	2
2	2	2	5
3	3	3	5
4	4	4	2
5	5	5	4
6	6	6	4
7	7	7	5
8	8	8	2
9	9	9	3
10	10	10	4
11	11	9	2
12	12	11	3
13	13	12	5
14	14	13	3
15	15	14	2
16	16	15	2
17	17	16	1
18	18	17	5
19	19	18	4
20	20	19	2
21	21	20	1
22	22	21	4
23	23	22	2
24	24	23	3
25	25	24	1
26	26	25	1
27	27	26	3
28	28	27	1
29	29	28	1
30	30	29	3
31	31	30	2
32	32	31	5
33	33	32	1
34	34	33	1
35	35	34	5
36	36	35	2
37	37	36	2
38	38	37	4
39	39	38	2
40	40	39	2
41	41	40	5
42	42	41	1
43	43	42	5
44	44	43	4
45	45	44	2
46	46	45	5
47	47	46	4
48	48	47	1
49	49	48	3
50	50	49	2
51	51	50	2
52	52	51	4
53	53	52	2
54	54	53	5
55	55	54	4
56	56	55	3
57	57	56	1
58	58	57	5
59	59	58	1
60	60	59	1
61	61	60	5
62	62	61	4
63	63	3	1
64	64	62	4
65	65	5	2
66	66	63	1
67	67	64	3
68	68	65	5
69	69	66	4
70	70	27	2
71	71	67	3
72	72	68	4
73	73	69	1
74	74	70	3
75	75	71	2
76	76	72	5
77	77	73	4
78	78	74	5
79	79	75	2
80	80	19	2
81	81	76	2
82	82	77	4
83	83	78	5
84	84	79	5
85	85	80	1
86	86	81	5
87	87	82	1
88	88	83	5
89	89	33	2
90	90	84	3
91	91	85	3
92	92	86	4
93	93	87	3
94	94	88	4
95	95	89	1
96	96	90	1
97	97	91	1
98	98	92	5
99	99	93	1
100	100	94	1
101	101	95	2
102	102	96	3
103	103	97	4
104	104	98	2
105	105	99	3
106	106	100	2
107	107	101	2
108	108	102	5
109	109	103	3
110	110	104	5
111	111	105	4
112	112	106	4
113	113	107	2
114	114	26	1
115	115	108	2
116	116	109	5
117	117	110	5
118	118	45	5
119	119	111	2
120	120	108	1
121	121	112	3
122	122	113	4
123	123	114	2
124	124	115	3
125	125	116	5
126	126	117	4
127	127	118	4
128	128	119	3
129	129	120	1
130	130	121	2
131	131	122	3
132	132	123	1
133	133	124	4
134	134	125	1
135	135	126	1
136	136	127	1
137	137	128	5
138	138	129	4
139	139	130	5
140	140	131	3
141	141	132	3
142	142	79	2
143	143	133	3
144	144	134	1
145	145	115	5
146	146	135	4
147	147	136	5
148	148	137	1
149	149	138	5
150	150	110	1
151	151	139	3
152	152	140	2
153	153	141	4
154	154	142	4
155	155	57	3
156	156	143	4
157	157	144	3
158	158	145	4
159	159	146	3
160	160	147	4
161	161	105	2
162	162	148	1
163	163	46	3
164	164	149	5
165	165	4	5
166	166	150	1
167	167	81	4
168	168	151	4
169	169	152	2
170	170	153	5
171	171	154	1
172	172	155	4
173	173	156	5
174	174	157	5
175	175	158	3
176	176	159	5
177	177	160	2
178	178	161	1
179	179	96	2
180	180	162	4
181	181	163	4
182	182	164	4
183	183	139	2
184	184	131	4
185	185	164	1
186	186	165	1
187	187	166	1
188	188	167	2
189	189	168	3
190	190	169	4
191	191	149	3
192	192	140	3
193	193	170	4
194	194	171	4
195	195	172	2
196	196	173	1
197	197	174	1
198	198	175	5
199	199	31	5
200	200	176	2
201	201	177	4
202	202	178	4
203	203	179	3
204	204	180	3
205	205	181	4
206	206	182	3
207	207	183	1
208	208	184	3
209	209	185	4
210	210	186	1
211	211	8	3
212	212	187	5
213	213	188	1
214	214	189	5
215	215	190	3
216	216	191	3
217	217	192	4
218	218	193	1
219	219	194	2
220	220	195	2
221	221	196	5
222	222	197	4
223	223	198	2
224	224	199	4
225	225	200	4
226	226	201	3
227	227	202	1
228	228	203	5
229	229	204	2
230	230	205	2
231	231	206	3
232	232	144	4
233	233	143	2
234	234	207	2
235	235	208	4
236	236	209	2
237	237	210	2
238	238	211	5
239	239	212	5
240	240	213	1
241	241	214	3
242	242	215	1
243	243	182	5
244	244	216	4
245	245	136	5
246	246	217	3
247	247	218	3
248	248	176	4
249	249	219	5
250	250	220	5
251	251	221	4
252	252	222	5
253	253	223	3
254	254	224	1
255	255	225	1
256	256	52	4
257	257	226	1
258	258	227	1
259	259	228	1
260	260	229	4
261	261	230	5
262	262	231	1
263	263	232	5
264	264	233	2
265	265	234	2
266	266	215	4
267	267	235	2
268	268	236	4
269	269	237	3
270	270	191	3
271	271	238	3
272	272	239	5
273	273	231	4
274	274	240	3
275	275	241	3
276	276	85	5
277	277	242	2
278	278	243	2
279	279	244	2
280	280	11	3
281	281	164	5
282	282	245	3
283	283	246	4
284	284	13	3
285	285	247	5
286	286	239	1
287	287	248	5
288	288	249	3
289	289	250	1
290	290	66	4
291	291	251	1
292	292	222	1
293	293	252	2
294	294	253	2
295	295	254	4
296	296	255	3
297	297	256	5
298	298	257	3
299	299	175	5
300	300	258	4
301	301	133	4
302	302	103	2
303	303	134	1
304	304	259	2
305	305	260	1
306	306	261	1
307	307	262	1
308	308	263	2
309	309	264	2
310	310	265	5
311	311	266	1
312	312	267	1
313	313	103	3
314	314	148	4
315	315	268	5
316	316	269	5
317	317	270	4
318	318	271	3
319	319	272	3
320	320	273	2
321	321	274	2
322	322	144	5
323	323	275	1
324	324	276	1
325	325	277	2
326	326	278	2
327	327	279	4
328	328	280	5
329	329	193	4
330	330	281	4
331	331	282	4
332	332	160	3
333	333	283	2
334	334	284	4
335	335	285	5
336	336	286	3
337	337	159	5
338	338	287	3
339	339	59	4
340	340	67	5
341	341	266	4
342	342	277	3
343	343	288	2
344	344	237	3
345	345	289	5
346	346	290	5
347	347	41	4
348	348	291	4
349	349	292	4
350	350	293	1
351	351	294	5
352	352	295	2
353	353	243	1
354	354	106	5
355	355	58	4
356	356	296	3
357	357	59	3
358	358	297	1
359	359	298	4
360	360	135	2
361	361	137	2
362	362	70	4
363	363	299	5
364	364	300	5
365	365	301	2
366	366	302	4
367	367	303	5
368	368	304	5
369	369	60	1
370	370	125	4
371	371	305	2
372	372	199	4
373	373	306	1
374	374	307	2
375	375	184	3
376	376	308	5
377	377	23	4
378	378	63	2
379	379	309	5
380	380	162	1
381	381	310	4
382	382	311	3
383	383	312	5
384	384	254	1
385	385	293	1
386	386	313	5
387	387	314	1
388	388	315	5
389	389	145	4
390	390	316	4
391	391	177	2
392	392	317	3
393	393	99	1
394	394	318	3
395	395	319	1
396	396	320	2
397	397	321	4
398	398	322	1
399	399	309	3
400	400	323	2
401	401	324	2
402	402	325	2
403	403	326	5
404	404	327	3
405	405	113	5
406	406	66	5
407	407	118	3
408	408	175	5
409	409	60	2
410	410	144	4
411	411	328	3
412	412	192	2
413	413	329	1
414	414	330	1
415	415	331	1
416	416	332	5
417	417	333	1
418	418	287	4
419	419	334	4
420	420	335	1
421	421	217	1
422	422	336	3
423	423	138	1
424	424	337	1
425	425	138	2
426	426	166	2
427	427	338	3
428	428	202	3
429	429	295	3
430	430	339	5
431	431	199	4
432	432	340	3
433	433	341	5
434	434	213	5
435	435	314	4
436	436	342	5
437	437	321	1
438	438	343	3
439	439	83	2
440	440	23	3
441	441	344	2
442	442	219	4
443	443	345	1
444	444	346	3
445	445	19	1
446	446	347	3
447	447	348	4
448	448	164	4
449	449	118	1
450	450	349	1
451	451	95	1
452	452	335	3
453	453	96	2
454	454	233	1
455	455	350	5
456	456	231	3
457	457	351	3
458	458	352	3
459	459	353	3
460	460	354	2
461	461	355	4
462	462	356	3
463	463	357	1
464	464	358	3
465	465	359	1
466	466	15	2
467	467	360	2
468	468	361	4
469	469	362	1
470	470	340	4
471	471	70	1
472	472	197	1
473	473	232	3
474	474	359	1
475	475	363	5
476	476	269	2
477	477	364	5
478	478	365	3
479	479	366	3
480	480	67	5
481	481	367	2
482	482	78	4
483	483	368	1
484	484	369	5
485	485	370	3
486	486	371	3
487	487	372	5
488	488	373	4
489	489	374	3
490	490	347	3
491	491	375	2
492	492	345	3
493	493	376	5
494	494	356	1
495	495	377	4
496	496	211	1
497	497	378	2
498	498	379	1
499	499	380	4
500	500	381	3
501	501	382	1
502	502	122	4
503	503	383	2
504	504	111	3
505	505	384	4
506	506	302	2
507	507	268	2
508	508	385	4
509	509	386	1
510	510	387	4
511	511	388	5
512	512	389	5
513	513	390	3
514	514	360	2
515	515	262	2
516	516	391	3
517	517	15	1
518	518	315	5
519	519	392	3
520	520	393	5
521	521	302	2
522	522	394	3
523	523	395	3
524	524	107	5
525	525	181	4
526	526	396	3
527	527	397	2
528	528	43	2
529	529	398	3
530	530	91	3
531	531	249	4
532	532	191	1
533	533	399	5
534	534	365	4
535	535	54	1
536	536	400	1
537	537	362	2
538	538	401	4
539	539	400	3
540	540	52	3
541	541	402	1
542	542	38	3
543	543	188	2
544	544	403	5
545	545	264	2
546	546	404	5
547	547	405	2
548	548	62	5
549	549	406	4
550	550	197	4
551	551	407	5
552	552	277	5
553	553	33	2
554	554	408	5
555	555	409	4
556	556	410	2
557	557	411	2
558	558	84	1
559	559	412	2
560	560	413	5
561	561	72	1
562	562	414	4
563	563	415	3
564	564	264	5
565	565	374	4
566	566	256	5
567	567	416	2
568	568	417	2
569	569	283	3
570	570	418	2
571	571	419	4
572	572	105	5
573	573	420	4
574	574	10	2
575	575	345	4
576	576	421	1
577	577	422	5
578	578	423	1
579	579	424	5
580	580	193	2
581	581	130	3
582	582	190	2
583	583	318	2
584	584	425	1
585	585	272	5
586	586	78	2
587	587	426	3
588	588	287	2
589	589	427	4
590	590	428	2
591	591	254	5
592	592	429	2
593	593	430	4
594	594	318	2
595	595	8	4
596	596	60	5
597	597	431	2
598	598	432	5
599	599	144	5
600	600	355	4
601	601	433	3
602	602	286	4
603	603	434	5
604	604	435	3
605	605	65	2
606	606	436	2
607	607	297	2
608	608	437	2
609	609	386	2
610	610	317	4
611	611	438	2
612	612	439	4
613	613	392	3
614	614	440	1
615	615	441	2
616	616	442	1
617	617	116	3
618	618	443	5
619	619	210	1
620	620	444	4
621	621	2	1
622	622	445	3
623	623	446	5
624	624	336	1
625	625	447	3
626	626	448	1
627	627	449	1
628	628	450	1
629	629	4	3
630	630	451	1
631	631	330	2
632	632	434	1
633	633	452	4
634	634	246	4
635	635	453	2
636	636	454	3
637	637	450	4
638	638	455	2
639	639	87	3
640	640	64	1
641	641	51	3
642	642	456	2
643	643	457	5
644	644	345	5
645	645	135	4
646	646	371	4
647	647	179	3
648	648	73	1
649	649	208	3
650	650	189	5
651	651	458	3
652	652	186	5
653	653	459	5
654	654	244	1
655	655	262	1
656	656	460	1
657	657	352	5
658	658	461	4
659	659	425	3
660	660	73	5
661	661	462	4
662	662	463	2
663	663	464	2
664	664	465	5
665	665	466	3
666	666	87	3
667	667	467	3
668	668	277	5
669	669	39	3
670	670	468	5
671	671	420	1
672	672	469	3
673	673	394	1
674	674	470	1
675	675	337	2
676	676	144	2
677	677	471	2
678	678	347	2
679	679	472	2
680	680	353	3
681	681	462	4
682	682	473	1
683	683	474	5
684	684	475	1
685	685	387	1
686	686	156	2
687	687	146	4
688	688	476	4
689	689	477	2
690	690	177	2
691	691	87	3
692	692	194	5
693	693	478	4
694	694	110	5
695	695	479	1
696	696	480	2
697	697	112	3
698	698	287	2
699	699	481	2
700	700	464	2
701	701	482	3
702	702	483	3
703	703	392	5
704	704	253	5
705	705	100	5
706	706	8	2
707	707	39	2
708	708	484	4
709	709	413	2
710	710	485	3
711	711	486	2
712	712	487	4
713	713	185	2
714	714	100	2
715	715	223	4
716	716	488	4
717	717	470	5
718	718	489	1
719	719	490	1
720	720	491	1
721	721	27	2
722	722	52	4
723	723	492	1
724	724	493	1
725	725	494	5
726	726	495	1
727	727	410	5
728	728	496	4
729	729	497	1
730	730	330	1
731	731	209	2
732	732	324	2
733	733	498	3
734	734	212	4
735	735	237	5
736	736	57	1
737	737	499	2
738	738	216	4
739	739	483	4
740	740	94	3
741	741	261	1
742	742	396	2
743	743	183	4
744	744	305	3
745	745	500	2
746	746	501	3
747	747	218	3
748	748	502	2
749	749	503	3
750	750	272	3
751	751	504	4
752	752	365	1
753	753	238	4
754	754	505	5
755	755	506	3
756	756	472	1
757	757	455	2
758	758	155	2
759	759	486	3
760	760	507	4
761	761	508	5
762	762	492	1
763	763	509	5
764	764	190	2
765	765	81	1
766	766	402	3
767	767	477	2
768	768	510	1
769	769	70	1
770	770	511	5
771	771	512	2
772	772	172	3
773	773	480	3
774	774	513	1
775	775	99	3
776	776	514	4
777	777	515	5
778	778	516	2
779	779	297	2
780	780	517	4
781	781	518	2
782	782	346	3
783	783	214	4
784	784	366	4
785	785	340	4
786	786	519	5
787	787	167	4
788	788	240	5
789	789	307	1
790	790	334	5
791	791	520	4
792	792	289	3
793	793	521	5
794	794	522	4
795	795	341	5
796	796	38	2
797	797	367	4
798	798	523	1
799	799	524	5
800	800	525	1
801	801	526	5
802	802	527	5
803	803	494	5
804	804	528	5
805	805	12	2
806	806	529	1
807	807	530	1
808	808	28	3
809	809	531	4
810	810	259	1
811	811	532	2
812	812	457	4
813	813	374	1
814	814	474	3
815	815	317	2
816	816	533	3
817	817	55	2
818	818	534	1
819	819	535	1
820	820	84	1
821	821	536	3
822	822	400	4
823	823	537	3
824	824	372	2
825	825	304	4
826	826	410	5
827	827	74	3
828	828	504	3
829	829	538	3
830	830	6	3
831	831	539	2
832	832	540	1
833	833	541	1
834	834	542	2
835	835	94	4
836	836	472	5
837	837	353	1
838	838	543	3
839	839	172	2
840	840	544	3
841	841	545	4
842	842	546	5
843	843	275	4
844	844	188	1
845	845	547	5
846	846	548	2
847	847	549	1
848	848	550	5
849	849	551	4
850	850	177	3
851	851	552	5
852	852	553	1
853	853	174	2
854	854	223	2
855	855	431	3
856	856	553	5
857	857	263	5
858	858	554	1
859	859	555	2
860	860	38	1
861	861	398	1
862	862	442	4
863	863	501	5
864	864	423	1
865	865	556	2
866	866	557	3
867	867	558	1
868	868	154	1
869	869	148	2
870	870	129	1
871	871	559	2
872	872	395	3
873	873	560	1
874	874	403	5
875	875	561	1
876	876	562	3
877	877	110	5
878	878	563	3
879	879	564	2
880	880	186	1
881	881	99	4
882	882	565	2
883	883	114	3
884	884	150	4
885	885	566	4
886	886	567	2
887	887	562	1
888	888	516	2
889	889	223	2
890	890	16	4
891	891	245	5
892	892	354	5
893	893	111	3
894	894	568	5
895	895	569	3
896	896	431	2
897	897	570	5
898	898	104	2
899	899	536	3
900	900	167	1
901	901	132	3
902	902	546	5
903	903	571	3
904	904	64	1
905	905	572	5
906	906	573	3
907	907	380	1
908	908	438	1
909	909	368	1
910	910	574	4
911	911	575	1
912	912	346	3
913	913	576	2
914	914	577	2
915	915	453	4
916	916	578	3
917	917	131	3
918	918	231	5
919	919	494	5
920	920	68	1
921	921	20	5
922	922	579	1
923	923	349	1
924	924	84	3
925	925	580	3
926	926	581	4
927	927	145	1
928	928	582	1
929	929	546	1
930	930	106	4
931	931	583	5
932	932	320	2
933	933	379	3
934	934	110	2
935	935	584	5
936	936	585	1
937	937	316	3
938	938	503	1
939	939	362	3
940	940	521	1
941	941	586	2
942	942	359	5
943	943	587	2
944	944	111	2
945	945	188	1
946	946	588	2
947	947	567	5
948	948	589	4
949	949	403	1
950	950	146	5
951	951	364	2
952	952	590	5
953	953	483	3
954	954	179	4
955	955	225	3
956	956	57	3
957	957	328	2
958	958	578	4
959	959	591	2
960	960	89	2
961	961	121	1
962	962	592	5
963	963	593	5
964	964	369	4
965	965	505	2
966	966	594	2
967	967	387	4
968	968	266	1
969	969	520	3
970	970	595	1
971	971	596	3
972	972	421	3
973	973	164	1
974	974	191	5
975	975	37	3
976	976	525	2
977	977	212	3
978	978	597	5
979	979	155	4
980	980	543	1
981	981	598	4
982	982	599	1
983	983	600	5
984	984	601	2
985	985	200	5
986	986	439	1
987	987	49	4
988	988	602	1
989	989	486	4
990	990	177	2
991	991	313	2
992	992	377	4
993	993	603	2
994	994	600	4
995	995	350	4
996	996	604	3
997	997	591	5
998	998	605	5
999	999	42	4
1000	1000	141	3
\.


--
-- Data for Name: Orders; Type: TABLE DATA; Schema: public; Owner: stockflowuser
--

COPY public."Orders" ("OrderId", "CustomerId", "OrderDate", "PaymentMethod") FROM stdin;
1	13542	2024-12-17	Credit Card
2	23188	2024-06-01	Credit Card
3	55098	2025-02-04	Credit Card
4	65208	2024-10-28	Bank Transfer
5	63872	2024-05-10	Credit Card
6	29989	2024-12-03	Bank Transfer
7	79809	2024-06-07	Bank Transfer
8	27282	2024-07-15	Cash on Delivery
9	41394	2024-12-17	Credit Card
10	48695	2024-04-12	Credit Card
11	27389	2025-01-31	Cash on Delivery
12	74067	2024-06-27	Cash on Delivery
13	49331	2024-05-21	Credit Card
14	61360	2024-12-03	Cash on Delivery
15	24426	2025-02-07	Cash on Delivery
16	10486	2024-09-13	Cash on Delivery
17	75474	2024-05-22	Credit Card
18	79898	2024-03-19	Credit Card
19	41736	2024-10-28	Bank Transfer
20	69719	2024-12-24	Cash on Delivery
21	93992	2024-12-05	Credit Card
22	65011	2025-02-20	Cash on Delivery
23	80441	2024-07-26	Credit Card
24	95874	2024-12-30	Bank Transfer
25	11145	2024-04-09	Cash on Delivery
26	81289	2024-07-18	Cash on Delivery
27	36732	2025-01-12	Cash on Delivery
28	33678	2024-04-01	Cash on Delivery
29	71289	2025-01-11	Bank Transfer
30	86746	2024-03-24	Credit Card
31	23094	2025-01-17	Credit Card
32	30037	2024-08-05	Credit Card
33	61642	2024-11-24	Bank Transfer
34	52189	2024-09-01	Bank Transfer
35	71248	2024-07-01	Bank Transfer
36	14872	2024-03-31	Credit Card
37	46992	2024-05-13	Cash on Delivery
38	21565	2024-08-13	Credit Card
39	26160	2025-03-04	Credit Card
40	35007	2024-06-09	Cash on Delivery
41	93989	2024-04-25	Bank Transfer
42	37401	2024-08-16	Credit Card
43	82700	2024-05-30	Cash on Delivery
44	38245	2024-11-11	Credit Card
45	76140	2024-06-29	Credit Card
46	63313	2024-08-09	Bank Transfer
47	10299	2024-11-27	Cash on Delivery
48	32232	2024-09-23	Cash on Delivery
49	48690	2024-04-11	Bank Transfer
50	94108	2025-01-20	Cash on Delivery
51	54503	2024-04-03	Cash on Delivery
52	69170	2024-05-30	Credit Card
53	68220	2024-09-15	Bank Transfer
54	53004	2024-09-19	Credit Card
55	57158	2024-07-25	Credit Card
56	15676	2024-04-22	Cash on Delivery
57	34358	2025-01-16	Bank Transfer
58	83983	2024-08-01	Credit Card
59	56955	2024-07-14	Cash on Delivery
60	73293	2024-04-30	Credit Card
61	68416	2024-12-15	Cash on Delivery
62	51031	2024-05-25	Cash on Delivery
63	49701	2024-04-21	Bank Transfer
64	32080	2024-05-13	Credit Card
65	13112	2024-12-15	Cash on Delivery
66	27303	2024-05-25	Credit Card
67	89064	2024-11-10	Cash on Delivery
68	76490	2024-12-17	Cash on Delivery
69	45081	2025-02-05	Bank Transfer
70	65624	2024-03-26	Credit Card
71	94700	2024-06-15	Credit Card
72	73009	2024-03-27	Cash on Delivery
73	55865	2024-03-26	Credit Card
74	75453	2024-06-22	Credit Card
75	47548	2025-01-31	Cash on Delivery
76	85352	2024-07-04	Cash on Delivery
77	99624	2024-06-29	Credit Card
78	53811	2024-09-21	Credit Card
79	59944	2025-02-06	Bank Transfer
80	20770	2024-11-01	Credit Card
81	95322	2025-03-14	Credit Card
82	44293	2024-10-26	Cash on Delivery
83	11849	2024-08-14	Cash on Delivery
84	79537	2024-10-18	Bank Transfer
85	22604	2025-02-08	Credit Card
86	36231	2024-05-18	Bank Transfer
87	64684	2024-11-16	Credit Card
88	64326	2024-08-15	Bank Transfer
89	82168	2025-01-23	Credit Card
90	63919	2024-04-23	Bank Transfer
91	54901	2024-06-04	Cash on Delivery
92	97350	2025-03-06	Bank Transfer
93	45435	2024-07-06	Credit Card
94	92572	2024-06-29	Credit Card
95	10539	2025-03-17	Bank Transfer
96	94316	2024-06-14	Bank Transfer
97	64578	2024-07-01	Bank Transfer
98	77823	2024-09-27	Credit Card
99	67215	2024-12-02	Credit Card
100	50937	2024-11-05	Cash on Delivery
101	66782	2024-07-04	Credit Card
102	72081	2024-07-25	Credit Card
103	58706	2025-02-07	Bank Transfer
104	61717	2024-08-31	Bank Transfer
105	48366	2024-10-12	Credit Card
106	26652	2024-09-24	Cash on Delivery
107	49861	2024-11-24	Cash on Delivery
108	70446	2024-05-02	Cash on Delivery
109	66861	2025-02-23	Bank Transfer
110	33496	2024-09-24	Bank Transfer
111	65546	2024-04-01	Bank Transfer
112	58032	2024-04-04	Credit Card
113	52835	2024-04-11	Cash on Delivery
114	54614	2024-12-10	Credit Card
115	47601	2024-07-31	Cash on Delivery
116	39945	2024-06-06	Bank Transfer
117	44020	2024-12-23	Cash on Delivery
118	89883	2024-05-25	Bank Transfer
119	51106	2025-03-03	Credit Card
120	39236	2024-06-05	Cash on Delivery
121	39267	2024-10-02	Credit Card
122	20814	2024-12-18	Bank Transfer
123	62697	2024-09-19	Bank Transfer
124	45453	2024-08-15	Cash on Delivery
125	41166	2024-04-17	Credit Card
126	12817	2024-06-06	Credit Card
127	86435	2024-07-30	Bank Transfer
128	16539	2024-04-10	Credit Card
129	32285	2024-08-23	Cash on Delivery
130	73165	2024-12-29	Credit Card
131	28298	2024-06-07	Bank Transfer
132	77934	2025-01-16	Credit Card
133	42115	2024-11-09	Bank Transfer
134	10254	2024-09-10	Cash on Delivery
135	39027	2024-12-26	Bank Transfer
136	30197	2024-07-09	Credit Card
137	83687	2024-08-26	Cash on Delivery
138	88015	2024-05-20	Bank Transfer
139	84063	2025-01-20	Bank Transfer
140	50447	2024-10-21	Credit Card
141	29786	2024-09-10	Bank Transfer
142	79948	2024-08-14	Bank Transfer
143	68238	2025-03-17	Cash on Delivery
144	66682	2025-02-04	Bank Transfer
145	47971	2024-04-06	Bank Transfer
146	54869	2024-03-29	Cash on Delivery
147	28063	2024-05-03	Bank Transfer
148	99909	2024-08-11	Cash on Delivery
149	77523	2025-01-28	Bank Transfer
150	60807	2025-01-07	Bank Transfer
151	77884	2024-12-05	Bank Transfer
152	76854	2024-09-14	Bank Transfer
153	35603	2024-08-15	Bank Transfer
154	14361	2024-12-12	Bank Transfer
155	99182	2024-12-19	Bank Transfer
156	57585	2025-01-07	Cash on Delivery
157	75434	2024-12-03	Cash on Delivery
158	49651	2024-04-08	Bank Transfer
159	80835	2024-12-26	Bank Transfer
160	46326	2024-12-15	Cash on Delivery
161	11108	2024-06-26	Credit Card
162	82916	2024-08-24	Bank Transfer
163	37787	2024-08-02	Bank Transfer
164	43043	2025-02-27	Bank Transfer
165	74956	2024-12-14	Credit Card
166	62833	2024-04-05	Credit Card
167	93806	2024-05-17	Bank Transfer
168	12572	2025-01-22	Bank Transfer
169	87787	2024-05-13	Bank Transfer
170	77178	2024-09-17	Cash on Delivery
171	70476	2024-10-13	Cash on Delivery
172	66492	2025-02-21	Bank Transfer
173	62824	2024-12-25	Cash on Delivery
174	85614	2025-03-13	Cash on Delivery
175	89312	2024-08-30	Credit Card
176	59644	2024-10-28	Cash on Delivery
177	77706	2024-06-17	Bank Transfer
178	69355	2024-12-04	Bank Transfer
179	30464	2024-07-01	Cash on Delivery
180	77850	2024-06-19	Bank Transfer
181	96195	2024-09-25	Cash on Delivery
182	17277	2024-10-21	Cash on Delivery
183	48665	2024-05-14	Bank Transfer
184	55003	2024-11-13	Bank Transfer
185	98322	2024-04-08	Bank Transfer
186	46001	2024-10-14	Cash on Delivery
187	56829	2024-08-04	Bank Transfer
188	15545	2024-12-08	Bank Transfer
189	21109	2024-07-17	Bank Transfer
190	59875	2024-08-02	Cash on Delivery
191	71005	2024-09-26	Credit Card
192	77455	2024-06-29	Credit Card
193	16285	2024-10-30	Credit Card
194	20485	2024-06-07	Credit Card
195	56705	2024-08-12	Credit Card
196	25974	2025-02-12	Credit Card
197	99133	2025-01-05	Cash on Delivery
198	60024	2024-08-21	Credit Card
199	53269	2024-08-09	Bank Transfer
200	23687	2025-03-03	Credit Card
201	16821	2024-05-18	Bank Transfer
202	25702	2025-03-12	Credit Card
203	24054	2024-11-05	Credit Card
204	85558	2024-04-27	Bank Transfer
205	98627	2025-01-24	Bank Transfer
206	32058	2024-05-27	Cash on Delivery
207	28608	2024-04-08	Cash on Delivery
208	58103	2025-01-29	Cash on Delivery
209	25747	2025-03-18	Cash on Delivery
210	75314	2024-05-31	Cash on Delivery
211	33743	2024-12-24	Cash on Delivery
212	21731	2024-08-19	Cash on Delivery
213	66977	2025-03-18	Bank Transfer
214	25952	2024-12-30	Bank Transfer
215	80882	2025-02-27	Credit Card
216	27123	2024-12-27	Bank Transfer
217	60144	2025-01-23	Cash on Delivery
218	85940	2024-07-15	Bank Transfer
219	53860	2024-05-14	Credit Card
220	32569	2025-02-06	Credit Card
221	72236	2024-07-05	Credit Card
222	79004	2024-05-14	Bank Transfer
223	39329	2024-08-28	Cash on Delivery
224	53191	2024-11-21	Cash on Delivery
225	44035	2024-08-10	Cash on Delivery
226	16865	2025-01-06	Bank Transfer
227	68850	2025-02-07	Credit Card
228	64425	2024-12-19	Bank Transfer
229	52324	2024-09-20	Credit Card
230	11008	2024-07-23	Cash on Delivery
231	47725	2024-09-12	Cash on Delivery
232	18819	2024-06-16	Cash on Delivery
233	95354	2024-07-13	Cash on Delivery
234	48878	2024-09-07	Credit Card
235	44704	2025-02-25	Cash on Delivery
236	88424	2024-06-06	Bank Transfer
237	73269	2025-01-03	Bank Transfer
238	38565	2024-10-28	Cash on Delivery
239	33851	2024-11-13	Credit Card
240	76010	2024-09-24	Credit Card
241	75278	2025-03-03	Credit Card
242	51458	2025-01-27	Cash on Delivery
243	21004	2024-04-17	Cash on Delivery
244	50813	2025-01-29	Cash on Delivery
245	51301	2025-01-07	Cash on Delivery
246	23601	2024-08-12	Cash on Delivery
247	12469	2024-06-24	Bank Transfer
248	77150	2024-10-10	Bank Transfer
249	11829	2024-05-10	Bank Transfer
250	44470	2024-03-20	Bank Transfer
251	94532	2024-11-06	Credit Card
252	55184	2024-06-09	Bank Transfer
253	51963	2024-08-04	Cash on Delivery
254	56464	2024-09-23	Bank Transfer
255	58911	2024-07-03	Bank Transfer
256	92232	2024-03-28	Cash on Delivery
257	67837	2025-02-02	Credit Card
258	23747	2024-08-15	Credit Card
259	22228	2025-02-08	Credit Card
260	89639	2024-07-17	Cash on Delivery
261	10848	2024-05-26	Bank Transfer
262	39860	2025-03-11	Bank Transfer
263	38512	2025-03-09	Credit Card
264	73069	2024-08-01	Cash on Delivery
265	25229	2024-10-09	Credit Card
266	32206	2024-10-13	Bank Transfer
267	47231	2024-11-12	Credit Card
268	97281	2024-12-07	Credit Card
269	30321	2024-12-11	Cash on Delivery
270	43115	2024-12-28	Bank Transfer
271	12858	2024-06-16	Bank Transfer
272	56081	2025-03-09	Bank Transfer
273	54630	2025-02-05	Cash on Delivery
274	99272	2024-04-26	Bank Transfer
275	99923	2024-12-28	Bank Transfer
276	29197	2024-06-26	Cash on Delivery
277	91976	2025-01-19	Bank Transfer
278	69112	2024-06-12	Credit Card
279	41492	2024-07-02	Cash on Delivery
280	72727	2024-12-26	Credit Card
281	35088	2024-08-14	Bank Transfer
282	67667	2024-11-14	Bank Transfer
283	42238	2024-07-24	Bank Transfer
284	25852	2025-02-04	Cash on Delivery
285	79864	2024-04-07	Cash on Delivery
286	17044	2024-03-28	Cash on Delivery
287	96947	2025-01-27	Cash on Delivery
288	63024	2024-12-24	Credit Card
289	38096	2024-05-30	Bank Transfer
290	50848	2024-08-27	Bank Transfer
291	37762	2025-03-07	Cash on Delivery
292	70317	2024-08-20	Cash on Delivery
293	88802	2024-11-12	Cash on Delivery
294	86646	2024-09-20	Credit Card
295	84845	2024-05-15	Credit Card
296	29895	2024-04-17	Bank Transfer
297	48604	2024-03-30	Cash on Delivery
298	54625	2025-01-21	Credit Card
299	10403	2024-05-03	Bank Transfer
300	46059	2025-01-27	Cash on Delivery
301	82793	2025-01-01	Cash on Delivery
302	90952	2024-09-05	Cash on Delivery
303	91742	2024-08-11	Cash on Delivery
304	44592	2024-08-17	Credit Card
305	53649	2024-12-22	Cash on Delivery
306	45831	2025-02-07	Bank Transfer
307	80435	2024-07-05	Cash on Delivery
308	14447	2024-03-20	Cash on Delivery
309	32331	2025-01-23	Credit Card
310	72286	2025-02-07	Credit Card
311	78768	2024-08-03	Bank Transfer
312	26392	2025-01-28	Cash on Delivery
313	16669	2024-05-25	Bank Transfer
314	29275	2024-11-23	Credit Card
315	69068	2024-09-07	Cash on Delivery
316	37813	2024-08-02	Bank Transfer
317	48519	2024-09-22	Cash on Delivery
318	29305	2024-07-24	Bank Transfer
319	81394	2024-12-17	Credit Card
320	26545	2024-05-08	Credit Card
321	98794	2024-07-09	Credit Card
322	87690	2024-04-08	Cash on Delivery
323	52213	2025-02-21	Cash on Delivery
324	49232	2024-07-03	Cash on Delivery
325	79470	2025-03-12	Cash on Delivery
326	20522	2024-11-07	Bank Transfer
327	56073	2024-05-02	Credit Card
328	41063	2024-07-21	Cash on Delivery
329	62699	2024-04-11	Bank Transfer
330	25889	2024-09-24	Cash on Delivery
331	71237	2024-09-05	Cash on Delivery
332	34740	2024-07-04	Credit Card
333	37821	2024-07-12	Cash on Delivery
334	43279	2024-03-30	Credit Card
335	54459	2024-05-22	Cash on Delivery
336	71713	2024-10-03	Cash on Delivery
337	55426	2024-12-08	Bank Transfer
338	79928	2024-12-16	Cash on Delivery
339	52566	2025-01-24	Cash on Delivery
340	49956	2025-01-17	Cash on Delivery
341	79476	2024-09-20	Credit Card
342	52052	2024-10-27	Credit Card
343	45326	2024-08-15	Bank Transfer
344	38806	2024-07-14	Credit Card
345	46244	2024-07-23	Cash on Delivery
346	39858	2024-08-29	Credit Card
347	51679	2024-03-29	Cash on Delivery
348	10201	2024-10-14	Cash on Delivery
349	98074	2024-08-03	Cash on Delivery
350	82077	2024-09-14	Credit Card
351	20351	2024-05-30	Credit Card
352	24734	2025-03-05	Cash on Delivery
353	87219	2024-05-06	Cash on Delivery
354	20393	2025-02-28	Credit Card
355	84575	2024-11-02	Cash on Delivery
356	38523	2024-06-20	Credit Card
357	90933	2024-06-21	Cash on Delivery
358	53977	2024-12-17	Credit Card
359	50771	2024-05-16	Cash on Delivery
360	21473	2024-10-19	Cash on Delivery
361	93130	2024-07-11	Credit Card
362	85009	2025-01-23	Cash on Delivery
363	53070	2024-11-19	Credit Card
364	36125	2024-06-06	Bank Transfer
365	76563	2024-10-31	Cash on Delivery
366	35219	2025-01-03	Cash on Delivery
367	39825	2024-03-28	Cash on Delivery
368	32037	2024-11-07	Bank Transfer
369	13595	2024-08-02	Bank Transfer
370	58789	2024-07-01	Cash on Delivery
371	80473	2024-10-21	Cash on Delivery
372	15625	2024-12-31	Bank Transfer
373	71490	2024-04-23	Credit Card
374	66073	2025-01-30	Cash on Delivery
375	49765	2024-04-21	Credit Card
376	83207	2024-05-27	Cash on Delivery
377	55540	2024-10-06	Cash on Delivery
378	15824	2024-12-25	Bank Transfer
379	96162	2024-09-12	Cash on Delivery
380	19293	2024-06-20	Bank Transfer
381	37972	2024-10-07	Bank Transfer
382	11911	2025-02-21	Bank Transfer
383	66566	2024-07-28	Cash on Delivery
384	63722	2024-06-24	Credit Card
385	28186	2024-05-17	Credit Card
386	14303	2024-08-14	Credit Card
387	49509	2024-08-18	Cash on Delivery
388	24078	2024-11-29	Cash on Delivery
389	59338	2025-01-03	Credit Card
390	57240	2024-12-12	Cash on Delivery
391	52736	2024-04-15	Bank Transfer
392	58283	2025-01-25	Cash on Delivery
393	84978	2024-09-05	Bank Transfer
394	45699	2025-02-03	Cash on Delivery
395	20938	2024-10-22	Bank Transfer
396	31412	2024-06-17	Cash on Delivery
397	23743	2024-04-14	Cash on Delivery
398	63051	2024-08-15	Cash on Delivery
399	95641	2024-05-25	Credit Card
400	93539	2025-02-25	Cash on Delivery
401	20636	2024-03-22	Bank Transfer
402	68604	2024-04-07	Credit Card
403	99015	2024-10-26	Bank Transfer
404	46587	2024-06-26	Credit Card
405	17305	2024-12-26	Cash on Delivery
406	23570	2024-05-21	Bank Transfer
407	92246	2025-02-11	Credit Card
408	75246	2024-08-27	Bank Transfer
409	61329	2024-12-07	Bank Transfer
410	93329	2024-10-01	Credit Card
411	26186	2024-05-27	Credit Card
412	18555	2025-03-06	Credit Card
413	57457	2024-05-11	Cash on Delivery
414	10825	2024-09-09	Cash on Delivery
415	84991	2024-11-20	Cash on Delivery
416	17263	2024-06-10	Bank Transfer
417	43226	2024-09-09	Cash on Delivery
418	84629	2024-12-24	Bank Transfer
419	55698	2025-03-16	Cash on Delivery
420	66122	2024-11-06	Cash on Delivery
421	24487	2024-07-01	Bank Transfer
422	60664	2024-08-12	Bank Transfer
423	46781	2024-07-03	Cash on Delivery
424	47485	2025-01-16	Cash on Delivery
425	80222	2024-06-25	Credit Card
426	69990	2024-04-22	Cash on Delivery
427	89114	2024-07-14	Credit Card
428	61935	2024-04-14	Bank Transfer
429	96674	2024-04-30	Bank Transfer
430	37431	2024-04-28	Bank Transfer
431	13425	2024-09-14	Cash on Delivery
432	38547	2024-12-10	Credit Card
433	42068	2024-05-12	Cash on Delivery
434	23008	2024-11-01	Bank Transfer
435	23420	2024-08-19	Credit Card
436	35117	2025-02-24	Bank Transfer
437	79582	2025-01-17	Bank Transfer
438	61272	2024-05-01	Cash on Delivery
439	67596	2025-02-15	Bank Transfer
440	60808	2025-01-08	Credit Card
441	87513	2024-05-04	Cash on Delivery
442	30444	2024-12-24	Credit Card
443	62506	2024-05-09	Cash on Delivery
444	45719	2024-08-25	Credit Card
445	89715	2024-07-06	Credit Card
446	58368	2024-12-08	Bank Transfer
447	41135	2024-08-17	Cash on Delivery
448	78277	2025-01-17	Credit Card
449	61065	2024-04-20	Cash on Delivery
450	96568	2024-03-21	Bank Transfer
451	14284	2024-06-05	Bank Transfer
452	90910	2024-04-17	Bank Transfer
453	42128	2024-11-13	Cash on Delivery
454	58130	2024-05-17	Bank Transfer
455	40110	2024-07-03	Cash on Delivery
456	89076	2024-10-12	Cash on Delivery
457	75860	2024-07-02	Credit Card
458	22360	2024-04-19	Credit Card
459	37265	2024-05-01	Credit Card
460	23672	2024-10-30	Bank Transfer
461	22599	2025-01-28	Bank Transfer
462	39126	2024-08-09	Cash on Delivery
463	14108	2024-09-22	Bank Transfer
464	12544	2024-07-02	Bank Transfer
465	49580	2024-12-25	Bank Transfer
466	96065	2024-07-01	Bank Transfer
467	97353	2025-02-20	Bank Transfer
468	90540	2024-12-19	Credit Card
469	33770	2025-03-10	Credit Card
470	82817	2025-03-13	Cash on Delivery
471	27140	2024-08-17	Credit Card
472	53754	2024-07-11	Cash on Delivery
473	81512	2024-12-23	Bank Transfer
474	62597	2024-08-17	Cash on Delivery
475	40338	2024-12-31	Cash on Delivery
476	81439	2024-11-17	Credit Card
477	59486	2024-11-29	Bank Transfer
478	50145	2024-10-26	Cash on Delivery
479	26849	2024-11-24	Bank Transfer
480	99423	2024-08-30	Cash on Delivery
481	10211	2024-07-23	Cash on Delivery
482	47342	2024-08-30	Credit Card
483	35152	2025-03-01	Bank Transfer
484	28742	2024-06-02	Cash on Delivery
485	20004	2024-05-25	Credit Card
486	53575	2024-05-04	Credit Card
487	34224	2025-01-27	Bank Transfer
488	87467	2024-10-05	Credit Card
489	89887	2024-05-13	Credit Card
490	71870	2024-12-30	Cash on Delivery
491	63842	2024-06-22	Cash on Delivery
492	97274	2025-02-24	Credit Card
493	23807	2024-12-02	Credit Card
494	74278	2024-10-13	Cash on Delivery
495	27836	2024-06-09	Cash on Delivery
496	13591	2024-04-21	Credit Card
497	50980	2024-05-29	Credit Card
498	53270	2024-09-15	Cash on Delivery
499	47212	2024-03-28	Credit Card
500	30090	2024-03-26	Credit Card
501	47189	2024-05-10	Bank Transfer
502	92276	2024-07-11	Bank Transfer
503	84661	2024-04-04	Bank Transfer
504	62444	2024-10-14	Cash on Delivery
505	94912	2024-11-14	Credit Card
506	90560	2024-05-26	Cash on Delivery
507	50437	2024-09-20	Cash on Delivery
508	50139	2024-12-10	Credit Card
509	22264	2024-03-26	Cash on Delivery
510	84937	2024-05-02	Cash on Delivery
511	44793	2024-05-17	Credit Card
512	11164	2024-11-20	Bank Transfer
513	53993	2025-03-06	Cash on Delivery
514	15858	2024-09-20	Cash on Delivery
515	20025	2024-12-21	Cash on Delivery
516	33753	2024-08-18	Credit Card
517	54627	2024-08-18	Bank Transfer
518	92393	2025-03-12	Credit Card
519	25309	2024-08-24	Cash on Delivery
520	37422	2024-08-28	Cash on Delivery
521	99243	2025-01-25	Cash on Delivery
522	26759	2024-04-30	Credit Card
523	77451	2024-07-20	Credit Card
524	41613	2025-02-21	Credit Card
525	20019	2025-03-04	Credit Card
526	76799	2024-11-08	Bank Transfer
527	14911	2025-01-18	Credit Card
528	42185	2024-09-24	Credit Card
529	36989	2024-12-22	Credit Card
530	62189	2025-02-21	Cash on Delivery
531	51971	2024-04-09	Bank Transfer
532	42991	2024-08-24	Cash on Delivery
533	61358	2025-02-26	Bank Transfer
534	40849	2025-01-03	Credit Card
535	65102	2024-09-10	Bank Transfer
536	93663	2024-04-25	Credit Card
537	92929	2024-10-13	Bank Transfer
538	17439	2024-08-12	Bank Transfer
539	25536	2024-08-07	Credit Card
540	45637	2024-10-22	Credit Card
541	36922	2024-10-17	Cash on Delivery
542	48551	2025-01-14	Cash on Delivery
543	62183	2024-04-04	Cash on Delivery
544	96862	2024-09-28	Cash on Delivery
545	94597	2024-12-28	Credit Card
546	44994	2024-12-14	Cash on Delivery
547	57366	2024-05-09	Bank Transfer
548	74049	2024-10-07	Bank Transfer
549	14046	2024-12-19	Bank Transfer
550	54645	2024-07-30	Bank Transfer
551	24024	2024-05-09	Bank Transfer
552	57449	2024-10-20	Cash on Delivery
553	87653	2024-07-28	Credit Card
554	76203	2024-04-03	Credit Card
555	45679	2025-02-08	Credit Card
556	83914	2024-07-12	Bank Transfer
557	55931	2024-09-13	Credit Card
558	68792	2024-11-09	Cash on Delivery
559	58848	2024-08-08	Credit Card
560	13992	2024-09-28	Cash on Delivery
561	33897	2024-06-11	Credit Card
562	69817	2024-12-12	Bank Transfer
563	88142	2024-11-09	Bank Transfer
564	43023	2024-11-13	Cash on Delivery
565	76411	2024-11-18	Bank Transfer
566	53652	2024-06-14	Cash on Delivery
567	23300	2024-06-05	Credit Card
568	96041	2024-09-22	Bank Transfer
569	33156	2025-03-16	Cash on Delivery
570	81896	2025-01-20	Bank Transfer
571	17483	2024-06-11	Cash on Delivery
572	56269	2024-08-25	Credit Card
573	62764	2024-11-03	Credit Card
574	63876	2024-09-04	Credit Card
575	76057	2024-07-03	Bank Transfer
576	28381	2024-04-26	Bank Transfer
577	62323	2024-11-04	Bank Transfer
578	13120	2024-04-07	Cash on Delivery
579	78206	2024-08-17	Cash on Delivery
580	63278	2024-05-31	Cash on Delivery
581	77729	2024-03-23	Credit Card
582	76603	2025-02-27	Cash on Delivery
583	61332	2024-06-01	Bank Transfer
584	16119	2024-12-03	Bank Transfer
585	91463	2024-09-27	Bank Transfer
586	85934	2024-03-23	Bank Transfer
587	91509	2025-02-24	Credit Card
588	36278	2024-11-09	Credit Card
589	13725	2024-06-16	Credit Card
590	45232	2024-05-28	Cash on Delivery
591	55539	2024-12-13	Credit Card
592	77318	2025-02-18	Bank Transfer
593	25761	2024-05-11	Credit Card
594	62981	2024-07-20	Cash on Delivery
595	54917	2024-12-26	Cash on Delivery
596	73536	2024-06-12	Credit Card
597	47349	2025-01-26	Bank Transfer
598	19284	2024-07-28	Cash on Delivery
599	60712	2025-02-09	Credit Card
600	92087	2024-03-26	Credit Card
601	99315	2024-10-03	Cash on Delivery
602	10679	2024-04-23	Cash on Delivery
603	53474	2024-09-26	Bank Transfer
604	47962	2024-06-13	Credit Card
605	39413	2024-10-01	Cash on Delivery
606	46239	2025-01-26	Cash on Delivery
607	59603	2024-09-05	Credit Card
608	92950	2024-03-27	Bank Transfer
609	85365	2024-12-18	Cash on Delivery
610	17937	2025-02-17	Cash on Delivery
611	74288	2024-08-04	Bank Transfer
612	77157	2025-01-07	Bank Transfer
613	87140	2024-12-02	Credit Card
614	54306	2024-09-26	Cash on Delivery
615	36926	2024-03-29	Bank Transfer
616	74490	2024-05-26	Bank Transfer
617	75854	2024-10-08	Cash on Delivery
618	17341	2024-08-10	Credit Card
619	35822	2024-04-22	Bank Transfer
620	47566	2024-09-07	Bank Transfer
621	81133	2024-11-16	Cash on Delivery
622	82756	2024-09-28	Cash on Delivery
623	14276	2024-09-14	Credit Card
624	48855	2024-11-05	Bank Transfer
625	58295	2024-07-17	Cash on Delivery
626	24196	2025-01-06	Credit Card
627	92507	2024-07-19	Credit Card
628	57960	2024-04-09	Bank Transfer
629	34368	2024-07-31	Bank Transfer
630	82764	2024-04-23	Credit Card
631	71646	2024-09-15	Cash on Delivery
632	82989	2024-05-24	Bank Transfer
633	91997	2024-03-21	Credit Card
634	38807	2024-10-11	Bank Transfer
635	81959	2025-03-13	Cash on Delivery
636	48904	2025-02-07	Bank Transfer
637	29007	2024-09-11	Cash on Delivery
638	35793	2024-11-23	Credit Card
639	56948	2025-01-28	Cash on Delivery
640	65579	2024-10-07	Cash on Delivery
641	61930	2024-04-05	Credit Card
642	32947	2025-01-10	Bank Transfer
643	27766	2024-09-25	Credit Card
644	21745	2024-12-23	Credit Card
645	77096	2024-11-30	Credit Card
646	99677	2025-02-15	Bank Transfer
647	39828	2025-02-12	Credit Card
648	84736	2024-06-27	Credit Card
649	49782	2024-10-27	Cash on Delivery
650	45241	2024-10-14	Cash on Delivery
651	13431	2025-01-03	Bank Transfer
652	91430	2024-11-08	Credit Card
653	14487	2024-11-01	Cash on Delivery
654	74218	2024-12-30	Bank Transfer
655	37624	2025-03-08	Credit Card
656	25561	2024-11-23	Credit Card
657	25091	2025-01-30	Cash on Delivery
658	65398	2024-11-18	Cash on Delivery
659	37040	2024-07-28	Cash on Delivery
660	53928	2024-07-18	Bank Transfer
661	81400	2024-08-02	Bank Transfer
662	38645	2025-02-12	Bank Transfer
663	61294	2024-08-23	Bank Transfer
664	42912	2024-10-05	Bank Transfer
665	91781	2024-03-20	Cash on Delivery
666	72072	2025-02-09	Bank Transfer
667	89104	2024-12-07	Cash on Delivery
668	25897	2024-11-22	Cash on Delivery
669	29111	2024-11-12	Cash on Delivery
670	18651	2024-07-04	Cash on Delivery
671	36373	2024-09-25	Bank Transfer
672	63014	2025-03-12	Bank Transfer
673	90154	2024-07-27	Bank Transfer
674	81927	2024-05-04	Credit Card
675	50538	2024-10-02	Cash on Delivery
676	31600	2025-02-19	Credit Card
677	50200	2024-05-03	Bank Transfer
678	16430	2024-10-23	Bank Transfer
679	99042	2024-05-26	Cash on Delivery
680	29306	2024-12-07	Cash on Delivery
681	64799	2024-10-30	Cash on Delivery
682	56589	2024-12-27	Cash on Delivery
683	79379	2024-10-18	Cash on Delivery
684	51171	2024-09-08	Bank Transfer
685	48362	2024-05-12	Cash on Delivery
686	86056	2024-05-27	Credit Card
687	90329	2024-08-17	Credit Card
688	52647	2024-12-16	Cash on Delivery
689	60295	2024-09-14	Credit Card
690	47453	2024-08-04	Cash on Delivery
691	26742	2024-08-30	Cash on Delivery
692	31977	2024-04-01	Credit Card
693	18511	2024-04-07	Cash on Delivery
694	12945	2024-09-30	Bank Transfer
695	86737	2025-01-16	Credit Card
696	67405	2024-04-13	Bank Transfer
697	52751	2024-09-08	Cash on Delivery
698	54453	2025-01-28	Credit Card
699	13011	2024-07-29	Bank Transfer
700	67232	2024-05-29	Bank Transfer
701	92859	2024-09-12	Cash on Delivery
702	51714	2024-07-12	Cash on Delivery
703	79715	2024-11-22	Credit Card
704	26457	2024-10-07	Bank Transfer
705	36759	2024-04-16	Cash on Delivery
706	59266	2024-10-14	Cash on Delivery
707	18191	2024-12-11	Bank Transfer
708	43995	2024-04-26	Credit Card
709	62030	2024-05-28	Credit Card
710	62120	2025-03-05	Bank Transfer
711	97308	2024-05-21	Cash on Delivery
712	86727	2025-03-10	Cash on Delivery
713	94503	2024-09-24	Cash on Delivery
714	82945	2024-05-23	Cash on Delivery
715	45242	2025-01-14	Cash on Delivery
716	32168	2024-09-29	Credit Card
717	43139	2024-07-06	Cash on Delivery
718	88885	2024-12-13	Cash on Delivery
719	27584	2025-01-10	Credit Card
720	89618	2025-03-01	Cash on Delivery
721	70242	2024-04-21	Credit Card
722	11655	2025-03-05	Bank Transfer
723	77187	2024-05-03	Credit Card
724	85139	2024-12-13	Bank Transfer
725	49769	2025-02-11	Bank Transfer
726	18860	2025-01-13	Bank Transfer
727	48216	2024-08-12	Bank Transfer
728	32522	2024-11-17	Credit Card
729	37275	2024-07-22	Cash on Delivery
730	92654	2024-06-10	Credit Card
731	60796	2024-06-01	Credit Card
732	98151	2024-05-14	Cash on Delivery
733	19327	2024-04-26	Cash on Delivery
734	77848	2024-07-14	Cash on Delivery
735	99026	2024-08-18	Credit Card
736	48813	2025-03-14	Credit Card
737	88937	2025-01-04	Bank Transfer
738	29312	2024-08-12	Cash on Delivery
739	21298	2025-01-17	Credit Card
740	82746	2024-11-18	Bank Transfer
741	45270	2024-04-26	Bank Transfer
742	65819	2024-06-16	Credit Card
743	14029	2025-02-20	Credit Card
744	42097	2024-05-08	Bank Transfer
745	78056	2024-09-21	Credit Card
746	29123	2024-09-12	Cash on Delivery
747	11363	2024-10-02	Credit Card
748	47637	2024-09-28	Cash on Delivery
749	72471	2024-08-22	Cash on Delivery
750	55956	2024-05-17	Cash on Delivery
751	60036	2024-11-27	Bank Transfer
752	65235	2024-07-29	Credit Card
753	68904	2024-12-16	Cash on Delivery
754	11101	2024-09-27	Cash on Delivery
755	91161	2024-05-29	Credit Card
756	31593	2025-02-16	Cash on Delivery
757	19180	2024-08-17	Bank Transfer
758	21588	2024-03-25	Cash on Delivery
759	92632	2024-10-15	Bank Transfer
760	92429	2024-09-20	Cash on Delivery
761	99265	2024-08-24	Cash on Delivery
762	12167	2024-11-20	Credit Card
763	22739	2024-07-15	Bank Transfer
764	51408	2025-02-14	Cash on Delivery
765	98186	2024-08-25	Bank Transfer
766	31253	2024-12-11	Cash on Delivery
767	34709	2024-10-28	Bank Transfer
768	96221	2025-02-14	Cash on Delivery
769	98713	2025-02-05	Bank Transfer
770	79880	2024-06-01	Cash on Delivery
771	79018	2024-09-08	Cash on Delivery
772	88218	2025-02-04	Credit Card
773	69327	2024-08-28	Cash on Delivery
774	52134	2024-04-11	Bank Transfer
775	39427	2024-06-13	Bank Transfer
776	55371	2024-04-02	Cash on Delivery
777	96190	2024-11-04	Cash on Delivery
778	55421	2025-03-16	Credit Card
779	36683	2025-02-21	Cash on Delivery
780	96700	2024-03-27	Cash on Delivery
781	15505	2024-10-25	Bank Transfer
782	46965	2025-02-21	Cash on Delivery
783	73481	2024-08-24	Credit Card
784	32978	2024-11-11	Cash on Delivery
785	60294	2024-04-19	Bank Transfer
786	27462	2024-09-08	Bank Transfer
787	58481	2024-04-18	Cash on Delivery
788	93038	2025-01-06	Credit Card
789	82649	2024-11-26	Bank Transfer
790	47335	2024-08-25	Cash on Delivery
791	90319	2024-06-25	Cash on Delivery
792	86183	2025-02-21	Cash on Delivery
793	24175	2025-03-19	Credit Card
794	73858	2024-05-21	Cash on Delivery
795	52435	2024-11-11	Bank Transfer
796	11455	2024-04-14	Bank Transfer
797	93036	2025-01-28	Bank Transfer
798	76569	2025-01-12	Bank Transfer
799	13356	2024-12-27	Cash on Delivery
800	95980	2024-12-06	Cash on Delivery
801	13042	2024-05-15	Cash on Delivery
802	64649	2024-12-07	Cash on Delivery
803	79954	2024-07-25	Bank Transfer
804	73957	2024-07-28	Bank Transfer
805	96551	2024-10-21	Credit Card
806	85518	2025-03-11	Cash on Delivery
807	82689	2024-09-23	Cash on Delivery
808	87052	2024-06-13	Bank Transfer
809	35514	2024-08-12	Cash on Delivery
810	78620	2024-07-11	Credit Card
811	96418	2024-09-18	Bank Transfer
812	80018	2024-11-06	Bank Transfer
813	25370	2024-09-09	Cash on Delivery
814	30282	2025-02-19	Credit Card
815	11578	2024-05-22	Bank Transfer
816	97390	2024-07-24	Credit Card
817	22729	2024-03-31	Bank Transfer
818	32747	2024-06-30	Cash on Delivery
819	93277	2024-06-20	Cash on Delivery
820	31245	2024-07-25	Cash on Delivery
821	50842	2024-10-14	Cash on Delivery
822	42780	2024-11-26	Credit Card
823	43949	2025-01-28	Credit Card
824	50142	2024-10-18	Cash on Delivery
825	97111	2024-09-07	Bank Transfer
826	88321	2024-09-22	Bank Transfer
827	95344	2024-10-12	Cash on Delivery
828	88797	2024-10-26	Credit Card
829	88975	2024-11-14	Cash on Delivery
830	52849	2024-03-20	Bank Transfer
831	25985	2025-02-07	Bank Transfer
832	74178	2024-12-13	Credit Card
833	16797	2024-07-27	Credit Card
834	61595	2024-11-01	Bank Transfer
835	57134	2024-08-29	Credit Card
836	54710	2024-04-11	Credit Card
837	45307	2025-01-14	Cash on Delivery
838	98156	2024-03-20	Credit Card
839	85771	2024-12-18	Credit Card
840	69632	2024-11-13	Cash on Delivery
841	39305	2024-07-25	Cash on Delivery
842	42739	2024-09-29	Credit Card
843	19510	2024-10-21	Bank Transfer
844	79723	2024-07-16	Bank Transfer
845	58363	2024-09-02	Credit Card
846	54476	2025-01-14	Credit Card
847	81507	2025-01-13	Cash on Delivery
848	14376	2025-02-15	Bank Transfer
849	98227	2024-05-25	Cash on Delivery
850	32637	2024-07-15	Bank Transfer
851	32787	2024-12-05	Cash on Delivery
852	64016	2024-10-29	Credit Card
853	38808	2024-04-21	Bank Transfer
854	48725	2024-06-02	Credit Card
855	79047	2024-09-16	Bank Transfer
856	84001	2024-09-17	Credit Card
857	24025	2024-10-16	Credit Card
858	72324	2024-04-19	Cash on Delivery
859	93644	2025-01-31	Credit Card
860	35717	2025-03-10	Cash on Delivery
861	79189	2024-08-30	Credit Card
862	97433	2024-07-26	Credit Card
863	46834	2024-06-24	Cash on Delivery
864	91867	2024-05-20	Credit Card
865	15872	2025-03-14	Bank Transfer
866	41333	2024-05-04	Cash on Delivery
867	82894	2024-12-15	Bank Transfer
868	73282	2024-07-23	Bank Transfer
869	37729	2024-12-31	Cash on Delivery
870	48803	2024-09-27	Bank Transfer
871	36855	2024-09-22	Cash on Delivery
872	40540	2024-10-25	Credit Card
873	17074	2024-06-02	Cash on Delivery
874	62821	2025-01-15	Credit Card
875	65571	2024-03-20	Bank Transfer
876	19925	2025-01-29	Bank Transfer
877	56744	2024-08-17	Bank Transfer
878	99850	2025-02-27	Bank Transfer
879	91017	2025-01-29	Credit Card
880	55304	2024-11-16	Cash on Delivery
881	41567	2025-01-25	Credit Card
882	28844	2024-04-30	Cash on Delivery
883	89576	2024-09-21	Bank Transfer
884	95795	2024-06-28	Credit Card
885	27117	2024-11-27	Credit Card
886	39659	2025-02-26	Cash on Delivery
887	63665	2024-11-14	Cash on Delivery
888	19863	2024-05-14	Bank Transfer
889	98418	2024-05-28	Cash on Delivery
890	50575	2024-09-24	Credit Card
891	81790	2024-04-15	Credit Card
892	78752	2024-04-07	Credit Card
893	14520	2024-12-22	Credit Card
894	51391	2025-02-15	Cash on Delivery
895	95940	2024-06-24	Cash on Delivery
896	19238	2025-01-11	Cash on Delivery
897	24744	2024-07-08	Bank Transfer
898	35625	2024-11-24	Cash on Delivery
899	45508	2024-10-15	Bank Transfer
900	49017	2024-05-07	Bank Transfer
901	52278	2024-07-25	Bank Transfer
902	14109	2024-07-17	Bank Transfer
903	98997	2024-10-22	Cash on Delivery
904	40188	2025-02-24	Credit Card
905	11645	2024-12-23	Cash on Delivery
906	65284	2025-01-14	Credit Card
907	45059	2025-01-15	Credit Card
908	60063	2024-12-19	Bank Transfer
909	27736	2024-11-08	Credit Card
910	26583	2024-04-10	Cash on Delivery
911	27730	2025-03-19	Bank Transfer
912	72159	2024-05-12	Cash on Delivery
913	72238	2024-03-28	Credit Card
914	38114	2024-05-09	Credit Card
915	19405	2024-06-29	Bank Transfer
916	93547	2024-06-29	Bank Transfer
917	49262	2024-07-14	Credit Card
918	97874	2024-05-30	Credit Card
919	76505	2024-12-11	Bank Transfer
920	41014	2024-07-11	Cash on Delivery
921	94899	2024-03-19	Cash on Delivery
922	21391	2025-01-11	Bank Transfer
923	99233	2024-09-08	Cash on Delivery
924	35246	2024-10-11	Bank Transfer
925	65789	2024-08-12	Bank Transfer
926	68218	2024-06-11	Cash on Delivery
927	87200	2025-02-11	Cash on Delivery
928	87478	2024-04-19	Bank Transfer
929	35014	2024-07-28	Bank Transfer
930	73507	2024-12-25	Cash on Delivery
931	33203	2024-05-31	Cash on Delivery
932	10792	2024-04-21	Credit Card
933	69895	2024-04-27	Credit Card
934	19845	2024-10-26	Bank Transfer
935	57116	2024-10-06	Bank Transfer
936	90219	2024-07-15	Cash on Delivery
937	99259	2024-09-04	Bank Transfer
938	47814	2024-07-17	Cash on Delivery
939	55438	2024-06-09	Cash on Delivery
940	84328	2025-02-06	Bank Transfer
941	35155	2024-11-19	Credit Card
942	72701	2024-03-22	Credit Card
943	43869	2024-06-27	Bank Transfer
944	57419	2024-12-15	Credit Card
945	24147	2024-08-23	Cash on Delivery
946	21838	2024-06-25	Cash on Delivery
947	37330	2024-03-27	Bank Transfer
948	69487	2024-08-31	Cash on Delivery
949	64496	2024-06-18	Cash on Delivery
950	11021	2024-08-12	Bank Transfer
951	21063	2025-01-23	Bank Transfer
952	95274	2024-05-15	Cash on Delivery
953	11871	2024-09-23	Bank Transfer
954	89789	2024-04-19	Cash on Delivery
955	92942	2025-01-17	Bank Transfer
956	21664	2024-06-10	Bank Transfer
957	94070	2024-11-26	Bank Transfer
958	97102	2024-03-28	Cash on Delivery
959	71609	2025-01-22	Bank Transfer
960	54318	2024-06-29	Cash on Delivery
961	99887	2024-09-24	Credit Card
962	97829	2024-10-09	Credit Card
963	46034	2024-04-26	Bank Transfer
964	76076	2024-12-20	Bank Transfer
965	74233	2024-10-13	Bank Transfer
966	33094	2024-08-12	Credit Card
967	99414	2024-08-17	Bank Transfer
968	49993	2024-03-23	Credit Card
969	24639	2024-05-30	Credit Card
970	80803	2024-03-24	Bank Transfer
971	56431	2024-07-03	Cash on Delivery
972	77076	2024-05-27	Bank Transfer
973	32363	2024-04-19	Cash on Delivery
974	84308	2024-06-26	Credit Card
975	20853	2024-07-10	Credit Card
976	61650	2024-12-19	Credit Card
977	51729	2025-01-24	Cash on Delivery
978	53843	2024-11-12	Cash on Delivery
979	78972	2024-10-24	Credit Card
980	89875	2025-01-06	Cash on Delivery
981	44902	2024-07-12	Credit Card
982	55905	2025-03-02	Cash on Delivery
983	94304	2025-01-26	Credit Card
984	55131	2024-11-08	Bank Transfer
985	63100	2024-12-18	Credit Card
986	27148	2025-01-07	Cash on Delivery
987	55134	2024-12-04	Bank Transfer
988	88309	2024-06-11	Bank Transfer
989	33859	2025-01-26	Credit Card
990	75395	2025-03-19	Bank Transfer
991	98363	2025-01-30	Bank Transfer
992	43591	2024-06-12	Cash on Delivery
993	11479	2025-01-28	Cash on Delivery
994	94141	2024-09-01	Bank Transfer
995	54371	2025-02-05	Cash on Delivery
996	67967	2024-05-04	Cash on Delivery
997	99828	2024-09-12	Credit Card
998	92290	2024-11-06	Bank Transfer
999	61427	2024-09-17	Cash on Delivery
1000	20658	2024-11-06	Cash on Delivery
\.


--
-- Data for Name: Products; Type: TABLE DATA; Schema: public; Owner: stockflowuser
--

COPY public."Products" ("ProductId", "ProductName", "Price", "CategoryId") FROM stdin;
1	Smartphone	373.36	10
2	Soccer Ball	299.34	50
3	Tent	23.00	50
4	Story Book	230.11	40
5	Skirt	176.72	20
6	Smartphone	196.16	10
7	Tablet	272.75	10
8	Yoga Mat	292.90	50
9	Pillow	429.11	30
10	Blanket	191.39	30
11	Notebook	494.87	40
12	Pillow	122.23	30
13	Laptop	457.44	10
14	Pen	443.49	40
15	Shirt	274.10	20
16	Notebook	117.47	40
17	Smartphone	84.89	10
18	Tablet	196.99	10
19	Smartphone	344.04	10
20	Pillow	153.82	30
21	Carpet	383.36	30
22	Carpet	308.40	30
23	Soccer Ball	303.48	50
24	Blanket	38.38	30
25	Novel	489.21	40
26	Eraser	90.91	40
27	Shirt	380.08	20
28	Vase	450.81	30
29	Pillow	298.27	30
30	Laptop	43.03	10
31	Dress	337.80	20
32	Tent	241.61	50
33	Tablet	183.61	10
34	Smartphone	207.28	10
35	Pants	272.78	20
36	T-shirt	227.13	20
37	Soccer Ball	484.81	50
38	Skirt	452.20	20
39	Vase	149.77	30
40	Running Shoes	85.85	50
41	Soccer Ball	376.51	50
42	Basketball	37.87	50
43	Soccer Ball	340.85	50
44	Basketball	293.67	50
45	Tent	266.16	50
46	Dress	203.94	20
47	Smartphone	234.56	10
48	Shirt	139.95	20
49	Painting	87.30	30
50	Soccer Ball	337.25	50
51	Dress	66.56	20
52	Carpet	113.21	30
53	Carpet	249.38	30
54	Pillow	11.74	30
55	Eraser	355.78	40
56	Shirt	27.65	20
57	T-shirt	161.05	20
58	T-shirt	183.30	20
59	Basketball	463.62	50
60	Skirt	22.15	20
61	Story Book	140.73	40
62	Pants	21.60	20
63	Yoga Mat	470.23	50
64	Yoga Mat	28.75	50
65	Vase	307.04	30
66	Dress	31.75	20
67	Yoga Mat	335.06	50
68	Vase	169.83	30
69	Pen	341.89	40
70	Soccer Ball	158.90	50
71	Vase	226.48	30
72	T-shirt	149.06	20
73	Dress	120.07	20
74	Eraser	426.37	40
75	Basketball	361.99	50
76	Running Shoes	34.61	50
77	Skirt	337.11	20
78	Eraser	409.35	40
79	Story Book	374.39	40
80	Carpet	247.45	30
81	Blanket	143.14	30
82	Pants	197.69	20
83	Notebook	275.88	40
84	Pen	12.89	40
85	Eraser	376.28	40
86	Story Book	143.74	40
87	Story Book	421.85	40
88	Eraser	286.55	40
89	Story Book	34.64	40
90	Vase	146.35	30
91	Smartwatch	35.52	10
92	Smartphone	475.31	10
93	Pants	242.04	20
94	Painting	92.22	30
95	Dress	62.97	20
96	Pen	471.32	40
97	T-shirt	351.62	20
98	Smartwatch	393.49	10
99	Smartwatch	327.30	10
100	Tablet	480.79	10
101	Skirt	96.31	20
102	Running Shoes	237.79	50
103	T-shirt	146.67	20
104	Running Shoes	174.83	50
105	Dress	400.94	20
106	Carpet	14.97	30
107	Eraser	381.50	40
108	Yoga Mat	241.90	50
109	Yoga Mat	182.39	50
110	Laptop	164.62	10
111	Tent	148.67	50
112	Smartwatch	153.15	10
113	Smartphone	291.29	10
114	Headphones	471.12	10
115	Novel	292.74	40
116	Yoga Mat	51.74	50
117	Tent	397.46	50
118	Notebook	431.48	40
119	Soccer Ball	474.32	50
120	Laptop	127.53	10
121	Eraser	240.26	40
122	Novel	346.82	40
123	Skirt	66.24	20
124	T-shirt	39.22	20
125	Vase	70.93	30
126	Carpet	274.59	30
127	Notebook	305.82	40
128	Tent	475.89	50
129	Skirt	264.29	20
130	Running Shoes	321.04	50
131	Notebook	167.32	40
132	Notebook	334.67	40
133	Soccer Ball	332.25	50
134	Yoga Mat	315.09	50
135	Smartphone	486.84	10
136	Carpet	16.70	30
137	Tablet	474.06	10
138	Carpet	355.65	30
139	T-shirt	145.36	20
140	Pillow	148.59	30
141	Story Book	228.81	40
142	Running Shoes	233.12	50
143	Pen	494.32	40
144	Laptop	256.12	10
145	Novel	267.72	40
146	T-shirt	240.05	20
147	Headphones	427.65	10
148	Blanket	375.92	30
149	Headphones	185.65	10
150	Skirt	457.29	20
151	T-shirt	226.45	20
152	Notebook	233.85	40
153	Novel	126.23	40
154	Pillow	489.19	30
155	Smartwatch	375.13	10
156	Blanket	321.94	30
157	T-shirt	452.67	20
158	Smartwatch	188.78	10
159	Story Book	108.39	40
160	Yoga Mat	416.93	50
161	Painting	404.07	30
162	Headphones	272.92	10
163	Carpet	196.70	30
164	Skirt	22.26	20
165	Running Shoes	297.80	50
166	Tablet	311.67	10
167	Pen	475.77	40
168	Yoga Mat	39.67	50
169	Novel	334.76	40
170	Soccer Ball	145.86	50
171	T-shirt	333.92	20
172	Shirt	168.65	20
173	Eraser	65.69	40
174	Tent	63.44	50
175	Yoga Mat	234.44	50
176	Headphones	308.07	10
177	Tent	358.95	50
178	Eraser	306.66	40
179	Basketball	220.73	50
180	Pen	367.51	40
181	Blanket	346.54	30
182	Tablet	57.32	10
183	Smartwatch	478.75	10
184	Vase	435.37	30
185	Painting	60.76	30
186	T-shirt	181.56	20
187	Tent	22.86	50
188	Dress	354.32	20
189	Pants	287.50	20
190	Smartphone	375.59	10
191	Dress	162.70	20
192	Smartphone	86.23	10
193	Pen	247.97	40
194	Soccer Ball	179.13	50
195	Eraser	336.89	40
196	Smartphone	110.17	10
197	Painting	68.79	30
198	Eraser	354.80	40
199	Pillow	204.56	30
200	Headphones	292.12	10
201	Pillow	208.47	30
202	Notebook	53.18	40
203	Soccer Ball	203.93	50
204	T-shirt	260.14	20
205	Painting	366.42	30
206	Dress	106.66	20
207	Painting	83.97	30
208	Carpet	37.52	30
209	Smartphone	190.68	10
210	Smartwatch	301.10	10
211	Tablet	455.43	10
212	Eraser	83.92	40
213	Pillow	257.23	30
214	Eraser	266.15	40
215	Pen	389.49	40
216	Basketball	173.35	50
217	Notebook	408.46	40
218	Soccer Ball	326.55	50
219	Pants	85.92	20
220	Tent	28.50	50
221	Running Shoes	85.58	50
222	Skirt	31.41	20
223	Eraser	149.61	40
224	Dress	483.14	20
225	Running Shoes	236.22	50
226	Notebook	281.72	40
227	Headphones	51.10	10
228	Skirt	54.94	20
229	Tablet	36.10	10
230	Headphones	120.02	10
231	Blanket	77.42	30
232	Skirt	229.81	20
233	Pants	278.91	20
234	Blanket	157.56	30
235	Tent	128.55	50
236	Blanket	289.63	30
237	Pillow	477.17	30
238	Painting	376.19	30
239	Smartwatch	370.24	10
240	Pants	40.92	20
241	T-shirt	164.64	20
242	Headphones	143.88	10
243	Pen	176.13	40
244	Yoga Mat	402.56	50
245	Novel	366.14	40
246	Smartphone	338.88	10
247	T-shirt	125.64	20
248	Novel	291.22	40
249	Blanket	480.65	30
250	Eraser	67.70	40
251	Tablet	94.60	10
252	Pants	398.91	20
253	Pants	397.28	20
254	Eraser	73.59	40
255	Eraser	211.29	40
256	Pillow	230.49	30
257	Tent	99.16	50
258	Dress	474.27	20
259	Soccer Ball	414.37	50
260	Yoga Mat	329.05	50
261	Eraser	151.94	40
262	Notebook	232.24	40
263	Pen	109.97	40
264	Painting	487.93	30
265	Headphones	128.45	10
266	Smartphone	152.20	10
267	Dress	467.54	20
268	Headphones	252.50	10
269	Smartphone	221.15	10
270	Pillow	206.28	30
271	Pillow	199.31	30
272	Tent	68.22	50
273	Carpet	470.08	30
274	Soccer Ball	32.20	50
275	Blanket	202.55	30
276	Carpet	415.86	30
277	Novel	190.50	40
278	Pillow	302.49	30
279	Tent	121.50	50
280	Running Shoes	82.41	50
281	Skirt	255.89	20
282	Laptop	264.15	10
283	Yoga Mat	341.18	50
284	Carpet	247.25	30
285	Painting	355.40	30
286	Carpet	467.51	30
287	Dress	30.61	20
288	Skirt	329.92	20
289	Basketball	272.22	50
290	Skirt	442.30	20
291	Smartphone	156.21	10
292	Vase	494.66	30
293	Shirt	239.33	20
294	Notebook	362.11	40
295	Basketball	95.99	50
296	Blanket	40.44	30
297	Basketball	117.37	50
298	Yoga Mat	213.76	50
299	Running Shoes	66.96	50
300	Running Shoes	406.26	50
301	Soccer Ball	283.81	50
302	Notebook	410.06	40
303	Notebook	353.19	40
304	Tablet	25.55	10
305	Pillow	97.45	30
306	Eraser	195.85	40
307	Blanket	469.33	30
308	Soccer Ball	228.76	50
309	Yoga Mat	292.96	50
310	Basketball	316.74	50
311	Vase	395.04	30
312	Vase	100.10	30
313	Tablet	425.10	10
314	Headphones	194.81	10
315	Shirt	364.91	20
316	Tablet	458.08	10
317	Painting	138.17	30
318	Pants	17.95	20
319	Notebook	84.68	40
320	Skirt	279.81	20
321	Pen	235.81	40
322	Running Shoes	100.18	50
323	Tablet	77.37	10
324	Laptop	257.81	10
325	Running Shoes	333.05	50
326	Smartphone	269.41	10
327	Running Shoes	405.02	50
328	Running Shoes	142.84	50
329	Shirt	80.65	20
330	Blanket	286.34	30
331	Yoga Mat	198.08	50
332	Smartwatch	375.27	10
333	Headphones	306.53	10
334	Pen	101.01	40
335	Yoga Mat	401.05	50
336	Vase	186.36	30
337	Carpet	55.60	30
338	Painting	251.63	30
339	Notebook	422.39	40
340	Carpet	474.17	30
341	Notebook	152.81	40
342	Story Book	224.84	40
343	Pen	46.24	40
344	Soccer Ball	285.98	50
345	Tent	294.45	50
346	Eraser	348.31	40
347	Dress	162.83	20
348	Vase	57.84	30
349	Dress	284.33	20
350	Running Shoes	309.54	50
351	Tent	51.53	50
352	Laptop	192.92	10
353	Shirt	198.02	20
354	Shirt	91.76	20
355	Eraser	36.27	40
356	Skirt	482.28	20
357	Pen	357.97	40
358	Laptop	153.12	10
359	Eraser	373.83	40
360	Eraser	117.09	40
361	Dress	438.66	20
362	Tablet	433.99	10
363	Pen	79.66	40
364	Vase	475.62	30
365	Tablet	321.07	10
366	Running Shoes	116.74	50
367	Pillow	32.51	30
368	Dress	87.90	20
369	Headphones	335.61	10
370	Blanket	220.32	30
371	Novel	75.02	40
372	Headphones	410.38	10
373	Skirt	53.77	20
374	Blanket	197.53	30
375	Pants	460.75	20
376	Notebook	397.63	40
377	Headphones	110.67	10
378	Eraser	44.80	40
379	Skirt	431.80	20
380	Skirt	477.68	20
381	Blanket	29.52	30
382	Carpet	385.88	30
383	Pants	272.83	20
384	T-shirt	463.07	20
385	Pillow	388.00	30
386	Soccer Ball	138.85	50
387	Yoga Mat	37.17	50
388	Smartwatch	340.32	10
389	Smartphone	129.83	10
390	T-shirt	280.90	20
391	Soccer Ball	477.50	50
392	Story Book	368.91	40
393	Tablet	21.72	10
394	Pillow	110.55	30
395	Dress	55.58	20
396	Dress	137.89	20
397	Painting	231.85	30
398	Smartwatch	185.56	10
399	T-shirt	476.53	20
400	Smartwatch	297.20	10
401	Laptop	462.82	10
402	Dress	254.46	20
403	Notebook	457.21	40
404	Tablet	269.42	10
405	Laptop	331.86	10
406	Pants	125.91	20
407	Basketball	419.98	50
408	Dress	39.18	20
409	Smartwatch	431.73	10
410	Eraser	59.51	40
411	Pen	328.10	40
412	Blanket	97.08	30
413	Eraser	25.87	40
414	Laptop	179.94	10
415	Headphones	228.85	10
416	Skirt	46.12	20
417	Smartphone	177.49	10
418	Story Book	307.59	40
419	Pants	210.55	20
420	Story Book	36.71	40
421	Pillow	324.51	30
422	Blanket	228.43	30
423	Carpet	40.20	30
424	Carpet	212.85	30
425	Pants	71.83	20
426	Running Shoes	459.41	50
427	Smartphone	285.72	10
428	Vase	139.43	30
429	Novel	203.94	40
430	Notebook	449.55	40
431	Pen	382.15	40
432	T-shirt	162.45	20
433	Painting	413.52	30
434	Eraser	280.15	40
435	Headphones	23.45	10
436	Soccer Ball	433.67	50
437	Painting	217.67	30
438	Tent	308.43	50
439	Painting	323.89	30
440	Running Shoes	333.66	50
441	Notebook	137.12	40
442	Tent	409.85	50
443	Shirt	98.76	20
444	Dress	216.03	20
445	Tablet	445.82	10
446	Yoga Mat	212.42	50
447	T-shirt	248.91	20
448	Smartphone	231.51	10
449	Skirt	394.75	20
450	Pen	220.22	40
451	Smartphone	317.08	10
452	Vase	445.11	30
453	Pants	369.70	20
454	Tablet	439.51	10
455	Tablet	227.71	10
456	Story Book	308.41	40
457	Vase	154.72	30
458	T-shirt	206.38	20
459	Laptop	60.82	10
460	Headphones	330.94	10
461	Soccer Ball	222.10	50
462	Tablet	167.11	10
463	Shirt	325.23	20
464	Eraser	229.57	40
465	Novel	60.30	40
466	Smartwatch	481.95	10
467	Notebook	284.47	40
468	Story Book	412.70	40
469	Dress	62.81	20
470	Basketball	482.29	50
471	Yoga Mat	257.01	50
472	Pants	212.25	20
473	Shirt	275.82	20
474	Carpet	245.38	30
475	Yoga Mat	439.96	50
476	Tent	433.77	50
477	Yoga Mat	349.54	50
478	Vase	96.94	30
479	Shirt	424.55	20
480	T-shirt	85.31	20
481	Skirt	276.11	20
482	Running Shoes	498.35	50
483	Story Book	453.20	40
484	Novel	375.98	40
485	Basketball	456.38	50
486	Notebook	18.28	40
487	Soccer Ball	380.42	50
488	Painting	479.12	30
489	Headphones	112.93	10
490	Eraser	79.80	40
491	T-shirt	98.87	20
492	T-shirt	149.72	20
493	Notebook	312.01	40
494	Yoga Mat	405.77	50
495	Skirt	145.57	20
496	Soccer Ball	422.48	50
497	Smartphone	447.13	10
498	Soccer Ball	334.71	50
499	Vase	240.14	30
500	Pen	113.24	40
501	T-shirt	72.66	20
502	Eraser	484.93	40
503	Pillow	116.13	30
504	Shirt	333.23	20
505	Soccer Ball	96.94	50
506	Tent	378.67	50
507	Headphones	303.16	10
508	Smartwatch	266.04	10
509	Carpet	217.55	30
510	Soccer Ball	88.76	50
511	Pillow	308.42	30
512	Tent	150.37	50
513	Basketball	340.27	50
514	Basketball	263.69	50
515	Yoga Mat	365.81	50
516	Blanket	307.12	30
517	Painting	474.04	30
518	Yoga Mat	350.15	50
519	Smartwatch	466.38	10
520	Carpet	164.55	30
521	Pen	470.43	40
522	Skirt	488.49	20
523	Painting	428.62	30
524	Basketball	408.95	50
525	Pen	106.07	40
526	Skirt	254.80	20
527	Notebook	132.98	40
528	Notebook	137.29	40
529	Basketball	292.66	50
530	Painting	169.29	30
531	Dress	216.69	20
532	Carpet	325.88	30
533	Headphones	312.87	10
534	Basketball	24.00	50
535	Pen	487.74	40
536	Running Shoes	266.50	50
537	Blanket	158.75	30
538	Yoga Mat	149.49	50
539	Notebook	353.23	40
540	Smartwatch	20.84	10
541	Novel	124.08	40
542	Notebook	395.01	40
543	Story Book	371.43	40
544	Painting	87.72	30
545	Soccer Ball	134.12	50
546	Laptop	486.90	10
547	Laptop	87.27	10
548	Smartphone	184.20	10
549	Skirt	124.01	20
550	Story Book	20.46	40
551	Tablet	356.25	10
552	Tent	88.57	50
553	Carpet	189.89	30
554	Pen	267.65	40
555	Shirt	361.74	20
556	Smartwatch	185.40	10
557	Laptop	398.31	10
558	Shirt	499.23	20
559	Headphones	301.92	10
560	Carpet	260.52	30
561	Pants	135.56	20
562	T-shirt	364.55	20
563	Novel	392.26	40
564	Novel	436.20	40
565	Pen	378.89	40
566	Pants	245.65	20
567	Shirt	311.84	20
568	Carpet	246.68	30
569	Tablet	295.67	10
570	Smartphone	200.44	10
571	Yoga Mat	407.83	50
572	T-shirt	367.65	20
573	Skirt	127.78	20
574	Dress	43.23	20
575	Blanket	366.27	30
576	T-shirt	74.46	20
577	Carpet	287.85	30
578	Notebook	100.15	40
579	Smartwatch	63.56	10
580	Vase	91.58	30
581	Basketball	237.15	50
582	Vase	22.21	30
583	Running Shoes	366.17	50
584	Pants	11.73	20
585	Eraser	405.65	40
586	Tablet	496.93	10
587	Pillow	55.63	30
588	Smartphone	289.97	10
589	Yoga Mat	464.28	50
590	T-shirt	323.90	20
591	Shirt	345.89	20
592	Pillow	143.03	30
593	Notebook	115.91	40
594	Blanket	387.05	30
595	Pillow	293.00	30
596	Pants	150.42	20
597	Painting	410.55	30
598	Story Book	474.25	40
599	Vase	99.84	30
600	Vase	248.88	30
601	Story Book	148.31	40
602	Running Shoes	394.31	50
603	Shirt	452.60	20
604	Notebook	495.24	40
605	Smartphone	354.64	10
\.


--
-- Name: Categories_CategoryId_seq; Type: SEQUENCE SET; Schema: public; Owner: stockflowuser
--

SELECT pg_catalog.setval('public."Categories_CategoryId_seq"', 1, false);


--
-- Name: Customers_CustomerId_seq; Type: SEQUENCE SET; Schema: public; Owner: stockflowuser
--

SELECT pg_catalog.setval('public."Customers_CustomerId_seq"', 1, false);


--
-- Name: OrderItems_OrderItemId_seq; Type: SEQUENCE SET; Schema: public; Owner: stockflowuser
--

SELECT pg_catalog.setval('public."OrderItems_OrderItemId_seq"', 1000, true);


--
-- Name: Orders_OrderId_seq; Type: SEQUENCE SET; Schema: public; Owner: stockflowuser
--

SELECT pg_catalog.setval('public."Orders_OrderId_seq"', 1000, true);


--
-- Name: Products_ProductId_seq; Type: SEQUENCE SET; Schema: public; Owner: stockflowuser
--

SELECT pg_catalog.setval('public."Products_ProductId_seq"', 605, true);


--
-- Name: Categories PK_Categories; Type: CONSTRAINT; Schema: public; Owner: stockflowuser
--

ALTER TABLE ONLY public."Categories"
    ADD CONSTRAINT "PK_Categories" PRIMARY KEY ("CategoryId");


--
-- Name: Customers PK_Customers; Type: CONSTRAINT; Schema: public; Owner: stockflowuser
--

ALTER TABLE ONLY public."Customers"
    ADD CONSTRAINT "PK_Customers" PRIMARY KEY ("CustomerId");


--
-- Name: OrderItems PK_OrderItems; Type: CONSTRAINT; Schema: public; Owner: stockflowuser
--

ALTER TABLE ONLY public."OrderItems"
    ADD CONSTRAINT "PK_OrderItems" PRIMARY KEY ("OrderItemId");


--
-- Name: Orders PK_Orders; Type: CONSTRAINT; Schema: public; Owner: stockflowuser
--

ALTER TABLE ONLY public."Orders"
    ADD CONSTRAINT "PK_Orders" PRIMARY KEY ("OrderId");


--
-- Name: Products PK_Products; Type: CONSTRAINT; Schema: public; Owner: stockflowuser
--

ALTER TABLE ONLY public."Products"
    ADD CONSTRAINT "PK_Products" PRIMARY KEY ("ProductId");


--
-- Name: IX_OrderItems_OrderId; Type: INDEX; Schema: public; Owner: stockflowuser
--

CREATE INDEX "IX_OrderItems_OrderId" ON public."OrderItems" USING btree ("OrderId");


--
-- Name: IX_OrderItems_ProductId; Type: INDEX; Schema: public; Owner: stockflowuser
--

CREATE INDEX "IX_OrderItems_ProductId" ON public."OrderItems" USING btree ("ProductId");


--
-- Name: IX_Orders_CustomerId; Type: INDEX; Schema: public; Owner: stockflowuser
--

CREATE INDEX "IX_Orders_CustomerId" ON public."Orders" USING btree ("CustomerId");


--
-- Name: IX_Products_CategoryId; Type: INDEX; Schema: public; Owner: stockflowuser
--

CREATE INDEX "IX_Products_CategoryId" ON public."Products" USING btree ("CategoryId");


--
-- Name: OrderItems FK_OrderItems_Orders_OrderId; Type: FK CONSTRAINT; Schema: public; Owner: stockflowuser
--

ALTER TABLE ONLY public."OrderItems"
    ADD CONSTRAINT "FK_OrderItems_Orders_OrderId" FOREIGN KEY ("OrderId") REFERENCES public."Orders"("OrderId") ON DELETE CASCADE;


--
-- Name: OrderItems FK_OrderItems_Products_ProductId; Type: FK CONSTRAINT; Schema: public; Owner: stockflowuser
--

ALTER TABLE ONLY public."OrderItems"
    ADD CONSTRAINT "FK_OrderItems_Products_ProductId" FOREIGN KEY ("ProductId") REFERENCES public."Products"("ProductId") ON DELETE RESTRICT;


--
-- Name: Orders FK_Orders_Customers_CustomerId; Type: FK CONSTRAINT; Schema: public; Owner: stockflowuser
--

ALTER TABLE ONLY public."Orders"
    ADD CONSTRAINT "FK_Orders_Customers_CustomerId" FOREIGN KEY ("CustomerId") REFERENCES public."Customers"("CustomerId") ON DELETE RESTRICT;


--
-- Name: Products FK_Products_Categories_CategoryId; Type: FK CONSTRAINT; Schema: public; Owner: stockflowuser
--

ALTER TABLE ONLY public."Products"
    ADD CONSTRAINT "FK_Products_Categories_CategoryId" FOREIGN KEY ("CategoryId") REFERENCES public."Categories"("CategoryId") ON DELETE RESTRICT;


--
-- PostgreSQL database dump complete
--

